ticket,time,time_msc,time_update,time_update_msc,type,magic,identifier,reason,volume,price_open,sl,tp,price_current,swap,profit,symbol,comment,external_id
1902756430,1788265138,1788265138467,1788265138,1788265138467,1,901018,1902756430,3,0.01,4375.66,0.0,0.0,4370.93,0.0,4.73,XAUUSD,STR S1,
1902756438,1788265514,1788265514627,1788265514,1788265514627,1,901018,1902756438,3,0.01,4374.2,0.0,0.0,4370.93,0.0,3.27,XAUUSD,STR S2,
1902756450,1788265558,1788265558453,1788265558,1788265558453,1,901018,1902756450,3,0.01,4372.74,0.0,0.0,4370.93,0.0,1.81,XAUUSD,STR S3,
1902756457,1788265624,1788265624380,1788265624,1788265624380,1,901018,1902756457,3,0.01,4371.28,0.0,0.0,4370.93,0.0,0.35,XAUUSD,STR S4,
1902756481,1788265841,1788265841767,1788265841,1788265841767,1,901018,1902756481,3,0.01,4368.36,0.0,0.0,4370.93,0.0,-2.57,XAUUSD,STR S6,
1902756489,1788265858,1788265858615,1788265858,1788265858615,1,901018,1902756489,3,0.01,4366.9,0.0,0.0,4370.93,0.0,-4.03,XAUUSD,STR S7,
1902762001,1788265169,1788265169086,1788265169,1788265169086,1,901018,1902762001,3,0.01,4375.66,0.0,0.0,4370.93,0.0,4.73,XAUUSD,STR S1,
1902763721,1788265196,1788265196447,1788265196,1788265196447,1,901018,1902763721,3,0.01,4375.66,0.0,0.0,4370.93,0.0,4.73,XAUUSD,STR S1,
1902767000,1788265225,1788265225320,1788265225,1788265225320,1,901018,1902767000,3,0.01,4375.66,0.0,0.0,4370.93,0.0,4.73,XAUUSD,STR S1,
1902771728,1788265241,1788265241930,1788265241,1788265241930,1,901018,1902771728,3,0.01,4375.66,0.0,0.0,4370.93,0.0,4.73,XAUUSD,STR S1,
1902776189,1788265269,1788265269811,1788265269,1788265269811,1,901018,1902776189,3,0.01,4375.66,0.0,0.0,4370.93,0.0,4.73,XAUUSD,STR S1,
1902779780,1788265296,1788265296418,1788265296,1788265296418,1,901018,1902779780,3,0.01,4375.66,0.0,0.0,4370.93,0.0,4.73,XAUUSD,STR S1,
1902780762,1788265310,1788265310461,1788265310,1788265310461,1,901018,1902780762,3,0.01,4375.66,0.0,0.0,4370.93,0.0,4.73,XAUUSD,STR S1,
1902781545,1788265319,1788265319723,1788265319,1788265319723,1,901018,1902781545,3,0.01,4375.66,0.0,0.0,4370.93,0.0,4.73,XAUUSD,STR S1,
1902806041,1788265517,1788265517783,1788265517,1788265517783,1,901018,1902806041,3,0.01,4374.2,0.0,0.0,4370.93,0.0,3.27,XAUUSD,STR S2,
1902812248,1788265563,1788265563428,1788265563,1788265563428,1,901018,1902812248,3,0.01,4372.74,0.0,0.0,4370.93,0.0,1.81,XAUUSD,STR S3,
1902814030,1788265569,1788265569727,1788265569,1788265569727,1,901018,1902814030,3,0.01,4372.74,0.0,0.0,4370.93,0.0,1.81,XAUUSD,STR S3,
1902817075,1788265581,1788265581146,1788265581,1788265581146,1,901018,1902817075,3,0.01,4372.74,0.0,0.0,4370.93,0.0,1.81,XAUUSD,STR S3,
1902818390,1788265587,1788265587928,1788265587,1788265587928,1,901018,1902818390,3,0.01,4372.74,0.0,0.0,4370.93,0.0,1.81,XAUUSD,STR S3,
1902818813,1788265596,1788265596438,1788265596,1788265596438,1,901018,1902818813,3,0.01,4372.74,0.0,0.0,4370.93,0.0,1.81,XAUUSD,STR S3,
1902824640,1788265632,1788265632547,1788265632,1788265632547,1,901018,1902824640,3,0.01,4371.28,0.0,0.0,4370.93,0.0,0.35,XAUUSD,STR S4,
1902825846,1788265670,1788265670117,1788265670,1788265670117,1,901018,1902825846,3,0.01,4371.28,0.0,0.0,4370.93,0.0,0.35,XAUUSD,STR S4,
1902829128,1788265674,1788265674157,1788265674,1788265674157,1,901018,1902829128,3,0.01,4371.28,0.0,0.0,4370.93,0.0,0.35,XAUUSD,STR S4,
1902831714,1788265803,1788265803336,1788265803,1788265803336,1,901018,1902831714,3,0.01,4371.28,0.0,0.0,4370.93,0.0,0.35,XAUUSD,STR S4,
1902838952,1788265792,1788265792244,1788265792,1788265792244,1,901018,1902838952,3,0.01,4372.74,0.0,0.0,4370.93,0.0,1.81,XAUUSD,STR S3,
1902859593,1788265871,1788265871875,1788265871,1788265871875,0,901018,1902859593,3,0.01,4368.94,0.0,0.0,4370.65,0.0,1.71,XAUUSD,STR B1,
1902859618,1788265986,1788265986186,1788265986,1788265986186,0,901018,1902859618,3,0.01,4370.4,0.0,0.0,4370.65,0.0,0.25,XAUUSD,STR B2,
1902861842,1788265890,1788265890951,1788265890,1788265890951,0,901018,1902861842,3,0.01,4368.94,0.0,0.0,4370.65,0.0,1.71,XAUUSD,STR B1,
1902866313,1788265894,1788265894298,1788265894,1788265894298,0,901018,1902866313,3,0.01,4368.94,0.0,0.0,4370.65,0.0,1.71,XAUUSD,STR B1,
1902867813,1788265955,1788265955962,1788265955,1788265955962,0,901018,1902867813,3,0.01,4368.94,0.0,0.0,4370.65,0.0,1.71,XAUUSD,STR B1,
1902876318,1788265968,1788265968423,1788265968,1788265968423,0,901018,1902876318,3,0.01,4368.94,0.0,0.0,4370.65,0.0,1.71,XAUUSD,STR B1,
1902887405,1788266086,1788266086249,1788266086,1788266086249,0,901018,1902887405,3,0.01,4370.4,0.0,0.0,4370.65,0.0,0.25,XAUUSD,STR B2,
1902889398,1788266027,1788266027066,1788266027,1788266027066,0,901018,1902889398,3,0.01,4368.94,0.0,0.0,4370.65,0.0,1.71,XAUUSD,STR B1,
1902894706,1788266061,1788266061254,1788266061,1788266061254,0,901018,1902894706,3,0.01,4368.94,0.0,0.0,4370.65,0.0,1.71,XAUUSD,STR B1,
