ticket,order,time,time_msc,type,entry,magic,position_id,reason,volume,price,commission,swap,profit,fee,symbol,comment,external_id
1539098653,0,2026-08-28 21:32:14,1787952734574,2,0,0,0,0,0.0,0.0,0.0,0.0,2500.0,0.0,,demo,uac-26011046-178794193456995
1539142767,1885768314,2026-08-28 21:41:44,1787953304854,1,0,901018,1885768314,3,0.01,4452.8,0.0,0.0,0.0,0.0,XAUUSD,STR S1,
1539147247,1885768332,2026-08-28 21:42:44,1787953364923,1,0,901018,1885768332,3,0.01,4451.32,0.0,0.0,0.0,0.0,XAUUSD,STR S2,
1539147365,1885768369,2026-08-28 21:42:45,1787953365254,1,0,901018,1885768369,3,0.01,4449.84,0.0,0.0,0.0,0.0,XAUUSD,STR S3,
1539147366,1885768387,2026-08-28 21:42:45,1787953365257,1,0,901018,1885768387,3,0.01,4448.36,0.0,0.0,0.0,0.0,XAUUSD,STR S4,
1539154388,1885768411,2026-08-28 21:43:23,1787953403168,1,0,901018,1885768411,3,0.01,4446.88,0.0,0.0,0.0,0.0,XAUUSD,STR S5,
1539159153,1885768425,2026-08-28 21:43:48,1787953428351,1,0,901018,1885768425,3,0.01,4445.4,0.0,0.0,0.0,0.0,XAUUSD,STR S6,
1539202288,1885768310,2026-08-28 21:51:49,1787953909319,0,0,901018,1885768310,3,0.01,4455.76,0.0,0.0,0.0,0.0,XAUUSD,STR B1,
1539234670,1885768324,2026-08-28 21:59:40,1787954380501,0,0,901018,1885768324,3,0.01,4457.24,0.0,0.0,0.0,0.0,XAUUSD,STR B2,
1539246661,1885768348,2026-08-28 22:01:17,1787954477005,0,0,901018,1885768348,3,0.01,4458.72,0.0,0.0,0.0,0.0,XAUUSD,STR B3,
1539251432,1885768378,2026-08-28 22:01:53,1787954513420,0,0,901018,1885768378,3,0.01,4460.2,0.0,0.0,0.0,0.0,XAUUSD,STR B4,
1539266927,1885768399,2026-08-28 22:04:23,1787954663746,0,0,901018,1885768399,3,0.01,4461.68,0.0,0.0,0.0,0.0,XAUUSD,STR B5,
1539357822,1885768418,2026-08-28 22:27:21,1787956041604,0,0,901018,1885768418,3,0.01,4463.16,0.0,0.0,0.0,0.0,XAUUSD,STR B6,
1539368897,1885768430,2026-08-28 22:31:00,1787956260964,0,0,901018,1885768430,3,0.01,4464.64,0.0,0.0,0.0,0.0,XAUUSD,STR B7,
1539389655,1885768442,2026-08-28 22:38:06,1787956686347,0,0,901018,1885768442,3,0.01,4466.12,0.0,0.0,0.0,0.0,XAUUSD,STR B8,
1541264319,1885768436,2026-08-31 01:01:04,1788138064994,1,0,901018,1885768436,3,0.01,4443.92,0.0,0.0,0.0,0.0,XAUUSD,STR S7,
1541264340,1885768451,2026-08-31 01:01:05,1788138065005,1,0,901018,1885768451,3,0.01,4442.44,0.0,0.0,0.0,0.0,XAUUSD,STR S8,
1541264372,1885768571,2026-08-31 01:01:05,1788138065022,1,0,901018,1885768571,3,0.01,4440.96,0.0,0.0,0.0,0.0,XAUUSD,STR S9,
1541264414,1885768637,2026-08-31 01:01:05,1788138065045,1,0,901018,1885768637,3,0.01,4439.48,0.0,0.0,0.0,0.0,XAUUSD,STR S10,
1541264438,1885768655,2026-08-31 01:01:05,1788138065063,1,0,901018,1885768655,3,0.01,4438.0,0.0,0.0,0.0,0.0,XAUUSD,STR S11,
1541267934,1885768682,2026-08-31 01:01:07,1788138067489,1,0,901018,1885768682,3,0.01,4436.52,0.0,0.0,0.0,0.0,XAUUSD,STR S12,
1541274653,1885768699,2026-08-31 01:01:17,1788138077033,1,0,901018,1885768699,3,0.01,4435.04,0.0,0.0,0.0,0.0,XAUUSD,STR S13,
1541276090,1888785029,2026-08-31 01:01:19,1788138079960,0,1,901018,1885768314,4,0.01,4436.52,0.0,0.33,16.28,0.0,XAUUSD,[sl 4436.52],
1541276113,1888785033,2026-08-31 01:01:19,1788138079972,0,1,901018,1885768332,4,0.01,4436.52,0.0,0.33,14.8,0.0,XAUUSD,[sl 4436.52],
1541276120,1888785036,2026-08-31 01:01:19,1788138079974,0,1,901018,1885768369,4,0.01,4436.52,0.0,0.33,13.32,0.0,XAUUSD,[sl 4436.52],
1541276126,1888785039,2026-08-31 01:01:19,1788138079975,0,1,901018,1885768387,4,0.01,4436.52,0.0,0.33,11.84,0.0,XAUUSD,[sl 4436.52],
1541276131,1888785043,2026-08-31 01:01:19,1788138079977,0,1,901018,1885768411,4,0.01,4436.52,0.0,0.33,10.36,0.0,XAUUSD,[sl 4436.52],
1541276136,1888785046,2026-08-31 01:01:19,1788138079978,0,1,901018,1885768425,4,0.01,4436.52,0.0,0.33,8.88,0.0,XAUUSD,[sl 4436.52],
1541276143,1888785049,2026-08-31 01:01:19,1788138079980,0,1,901018,1885768436,4,0.01,4436.52,0.0,0.0,7.4,0.0,XAUUSD,[sl 4436.52],
1541276145,1888785052,2026-08-31 01:01:19,1788138079981,0,1,901018,1885768451,4,0.01,4436.52,0.0,0.0,5.92,0.0,XAUUSD,[sl 4436.52],
1541276150,1888785055,2026-08-31 01:01:19,1788138079984,0,1,901018,1885768571,4,0.01,4436.52,0.0,0.0,4.44,0.0,XAUUSD,[sl 4436.52],
1541277125,1888786583,2026-08-31 01:01:22,1788138082089,0,1,901018,1885768637,4,0.01,4438.0,0.0,0.0,1.48,0.0,XAUUSD,[sl 4438.00],
1541277126,1888786585,2026-08-31 01:01:22,1788138082090,0,1,901018,1885768655,4,0.01,4438.0,0.0,0.0,0.0,0.0,XAUUSD,[sl 4438.00],
1541282215,1888792440,2026-08-31 01:01:48,1788138108974,1,0,901018,1888792440,3,0.01,4440.96,0.0,0.0,0.0,0.0,XAUUSD,STR S9,
1541287813,1888801057,2026-08-31 01:02:12,1788138132596,1,0,901018,1888801057,3,0.01,4445.4,0.0,0.0,0.0,0.0,XAUUSD,STR S6,
1541289260,1888799695,2026-08-31 01:02:19,1788138139800,1,0,901018,1888799695,3,0.01,4443.92,0.0,0.0,0.0,0.0,XAUUSD,STR S7,
1541290060,1888797651,2026-08-31 01:02:25,1788138145523,1,0,901018,1888797651,3,0.01,4442.44,0.0,0.0,0.0,0.0,XAUUSD,STR S8,
1541293661,1888789750,2026-08-31 01:03:00,1788138180672,1,0,901018,1888789750,3,0.01,4439.48,0.0,0.0,0.0,0.0,XAUUSD,STR S10,
1541295610,1888815515,2026-08-31 01:03:11,1788138191840,0,1,901018,1888801057,4,0.01,4441.82,0.0,0.0,3.58,0.0,XAUUSD,[sl 4441.82],
1541297553,1888818628,2026-08-31 01:03:24,1788138204288,0,1,901018,1888799695,4,0.01,4442.97,0.0,0.0,0.95,0.0,XAUUSD,[sl 4442.97],
1541298732,1888819763,2026-08-31 01:03:28,1788138208844,1,0,901018,1888819763,3,0.01,4443.92,0.0,0.0,0.0,0.0,XAUUSD,STR S7,
1541302526,1888824367,2026-08-31 01:04:05,1788138245146,1,0,901018,1888824367,3,0.01,4445.4,0.0,0.0,0.0,0.0,XAUUSD,STR S6,
1541310043,1888836778,2026-08-31 01:05:30,1788138330530,1,0,901018,1888836778,3,0.01,4449.84,0.0,0.0,0.0,0.0,XAUUSD,STR S3,
1541316128,1888848214,2026-08-31 01:06:31,1788138391654,1,0,901018,1888848214,3,0.01,4452.8,0.0,0.0,0.0,0.0,XAUUSD,STR S1,
1541320610,1888845192,2026-08-31 01:07:27,1788138447570,1,0,901018,1888845192,3,0.01,4451.32,0.0,0.0,0.0,0.0,XAUUSD,STR S2,
1541350673,1888913768,2026-08-31 01:16:48,1788139008204,1,1,901018,1885768310,4,0.01,4456.57,0.0,-0.81,0.81,0.0,XAUUSD,[sl 4456.57],
1541367321,1888941911,2026-08-31 01:20:41,1788139241935,1,1,901018,1885768324,4,0.01,4462.26,0.0,-0.81,5.02,0.0,XAUUSD,[sl 4462.26],
1541367329,1888941913,2026-08-31 01:20:41,1788139241938,1,1,901018,1885768348,4,0.01,4462.26,0.0,-0.81,3.54,0.0,XAUUSD,[sl 4462.26],
1541369012,1888945864,2026-08-31 01:21:13,1788139273821,1,1,901018,1885768378,4,0.01,4460.78,0.0,-0.81,0.58,0.0,XAUUSD,[sl 4460.78],
1541381984,1888968014,2026-08-31 01:24:43,1788139483636,1,1,901018,1885768399,4,0.01,4462.99,0.0,-0.81,1.31,0.0,XAUUSD,[sl 4462.99],
1541394926,1888988517,2026-08-31 01:27:45,1788139665465,0,0,901018,1888988517,3,0.01,4460.2,0.0,0.0,0.0,0.0,XAUUSD,STR B4,
1541398659,1888997282,2026-08-31 01:28:48,1788139728997,0,0,901018,1888997282,3,0.01,4458.72,0.0,0.0,0.0,0.0,XAUUSD,STR B3,
1541417987,1889027646,2026-08-31 01:34:18,1788140058271,0,0,901018,1889027646,3,0.01,4455.76,0.0,0.0,0.0,0.0,XAUUSD,STR B1,
1541430012,1889023357,2026-08-31 01:38:00,1788140280812,0,0,901018,1889023357,3,0.01,4457.24,0.0,0.0,0.0,0.0,XAUUSD,STR B2,
1541436223,1888985386,2026-08-31 01:38:33,1788140313498,0,0,901018,1888985386,3,0.01,4461.68,0.0,0.0,0.0,0.0,XAUUSD,STR B5,
1541439395,1889069370,2026-08-31 01:39:46,1788140386338,1,1,901018,1889027646,4,0.01,4460.03,0.0,0.0,4.27,0.0,XAUUSD,[sl 4460.03],
1541448687,1889086051,2026-08-31 01:43:03,1788140583546,1,1,901018,1889023357,4,0.01,4460.94,0.0,0.0,3.7,0.0,XAUUSD,[sl 4460.94],
1541450941,1889089584,2026-08-31 01:43:48,1788140628228,1,1,901018,1888997282,4,0.01,4459.46,0.0,0.0,0.74,0.0,XAUUSD,[sl 4459.46],
1541457797,1889093813,2026-08-31 01:45:49,1788140749675,0,0,901018,1889093813,3,0.01,4458.72,0.0,0.0,0.0,0.0,XAUUSD,STR B3,
1541505167,1889195275,2026-08-31 02:07:12,1788142032974,1,1,901018,1888988517,4,0.01,4464.55,0.0,0.0,4.35,0.0,XAUUSD,[sl 4464.55],
1541505170,1889195276,2026-08-31 02:07:12,1788142032977,1,1,901018,1889093813,4,0.01,4464.55,0.0,0.0,5.83,0.0,XAUUSD,[sl 4464.55],
1541512872,1889210176,2026-08-31 02:09:50,1788142190505,1,1,901018,1888985386,4,0.01,4465.33,0.0,0.0,3.65,0.0,XAUUSD,[sl 4465.33],
1541518759,1889222358,2026-08-31 02:12:37,1788142357991,1,1,901018,1885768418,4,0.01,4463.85,0.0,-0.81,0.69,0.0,XAUUSD,[sl 4463.85],
1541531328,1889231629,2026-08-31 02:16:23,1788142583342,0,0,901018,1889231629,3,0.01,4461.68,0.0,0.0,0.0,0.0,XAUUSD,STR B5,
1541537782,1889229378,2026-08-31 02:18:09,1788142689352,0,0,901018,1889229378,3,0.01,4463.16,0.0,0.0,0.0,0.0,XAUUSD,STR B6,
1541550906,1889277843,2026-08-31 02:23:05,1788142985350,1,1,901018,1889231629,4,0.01,4462.18,0.0,0.0,0.5,0.0,XAUUSD,[sl 4462.18],
1541556288,1889279177,2026-08-31 02:23:36,1788143016204,0,0,901018,1889279177,3,0.01,4461.68,0.0,0.0,0.0,0.0,XAUUSD,STR B5,
1541567909,1889302336,2026-08-31 02:26:00,1788143160374,0,0,901018,1889302336,3,0.01,4458.72,0.0,0.0,0.0,0.0,XAUUSD,STR B3,
1541572162,1889310181,2026-08-31 02:27:10,1788143230048,0,0,901018,1889310181,3,0.01,4457.24,0.0,0.0,0.0,0.0,XAUUSD,STR B2,
1541606097,1889334069,2026-08-31 02:33:00,1788143580714,0,0,901018,1889334069,3,0.01,4455.76,0.0,0.0,0.0,0.0,XAUUSD,STR B1,
1541643969,1888837381,2026-08-31 02:41:19,1788144079910,1,0,901018,1888837381,3,0.01,4448.36,0.0,0.0,0.0,0.0,XAUUSD,STR S4,
1541650987,1889434347,2026-08-31 02:42:10,1788144130958,0,1,901018,1888848214,4,0.01,4448.74,0.0,0.0,4.06,0.0,XAUUSD,[sl 4448.74],
1541653189,1888834369,2026-08-31 02:43:00,1788144180177,1,0,901018,1888834369,3,0.01,4446.88,0.0,0.0,0.0,0.0,XAUUSD,STR S5,
1541655663,1889443294,2026-08-31 02:43:35,1788144215633,0,1,901018,1888845192,4,0.01,4448.31,0.0,0.0,3.01,0.0,XAUUSD,[sl 4448.31],
1541673406,1889469033,2026-08-31 02:45:47,1788144347632,0,1,901018,1888834369,4,0.01,4443.84,0.0,0.0,3.04,0.0,XAUUSD,[sl 4443.84],
1541673407,1889469034,2026-08-31 02:45:47,1788144347632,0,1,901018,1888836778,4,0.01,4443.84,0.0,0.0,6.0,0.0,XAUUSD,[sl 4443.84],
1541673408,1889469035,2026-08-31 02:45:47,1788144347635,0,1,901018,1888837381,4,0.01,4443.84,0.0,0.0,4.52,0.0,XAUUSD,[sl 4443.84],
1541676792,1889474075,2026-08-31 02:46:08,1788144368897,0,1,901018,1888824367,4,0.01,4445.32,0.0,0.0,0.08,0.0,XAUUSD,[sl 4445.32],
1541679083,1889476431,2026-08-31 02:46:22,1788144382419,1,0,901018,1889476431,3,0.01,4445.4,0.0,0.0,0.0,0.0,XAUUSD,STR S6,
1541699255,1889507238,2026-08-31 02:48:43,1788144523319,0,1,901018,1888819763,4,0.01,4439.99,0.0,0.0,3.93,0.0,XAUUSD,[sl 4439.99],
1541699263,1889507239,2026-08-31 02:48:43,1788144523370,0,1,901018,1889476431,4,0.01,4439.99,0.0,0.0,5.41,0.0,XAUUSD,[sl 4439.99],
1541699765,1889507673,2026-08-31 02:48:47,1788144527156,0,1,901018,1888797651,4,0.01,4441.47,0.0,0.0,0.97,0.0,XAUUSD,[sl 4441.47],
1541704033,1888788773,2026-08-31 02:49:25,1788144565203,1,0,901018,1888788773,3,0.01,4438.0,0.0,0.0,0.0,0.0,XAUUSD,STR S11,
1541708821,1889520344,2026-08-31 02:49:40,1788144580148,0,1,901018,1888792440,4,0.01,4437.62,0.0,0.0,3.34,0.0,XAUUSD,[sl 4437.62],
1541710716,1889523719,2026-08-31 02:49:55,1788144595806,0,1,901018,1888789750,4,0.01,4439.1,0.0,0.0,0.38,0.0,XAUUSD,[sl 4439.10],
1541718730,1889532923,2026-08-31 02:50:17,1788144617195,1,0,901018,1889532923,3,0.01,4443.92,0.0,0.0,0.0,0.0,XAUUSD,STR S7,
1541727703,1889530536,2026-08-31 02:51:08,1788144668189,1,0,901018,1889530536,3,0.01,4442.44,0.0,0.0,0.0,0.0,XAUUSD,STR S8,
1541732169,1889551728,2026-08-31 02:51:38,1788144698348,1,0,901018,1889551728,3,0.01,4445.4,0.0,0.0,0.0,0.0,XAUUSD,STR S6,
1541743640,1889572739,2026-08-31 02:54:05,1788144845361,1,0,901018,1889572739,3,0.01,4446.88,0.0,0.0,0.0,0.0,XAUUSD,STR S5,
1541753929,1889583233,2026-08-31 02:55:19,1788144919554,1,0,901018,1889583233,3,0.01,4449.84,0.0,0.0,0.0,0.0,XAUUSD,STR S3,
1541759276,1889594770,2026-08-31 02:56:17,1788144977240,1,0,901018,1889594770,3,0.01,4451.32,0.0,0.0,0.0,0.0,XAUUSD,STR S2,
1541777091,1889293964,2026-08-31 02:59:10,1788145150114,0,0,901018,1889293964,3,0.01,4460.2,0.0,0.0,0.0,0.0,XAUUSD,STR B4,
1541783114,1889637561,2026-08-31 03:00:08,1788145208414,1,1,901018,1889334069,4,0.01,4458.76,0.0,0.0,3.0,0.0,XAUUSD,[sl 4458.76],
1541783630,1889637933,2026-08-31 03:00:08,1788145208724,1,1,901018,1889310181,4,0.01,4457.28,0.0,0.0,0.04,0.0,XAUUSD,[sl 4457.28],
1541789072,1889642721,2026-08-31 03:00:29,1788145229190,0,0,901018,1889642721,3,0.01,4457.24,0.0,0.0,0.0,0.0,XAUUSD,STR B2,
1541797106,1889656331,2026-08-31 03:01:12,1788145272893,1,1,901018,1889642721,4,0.01,4460.49,0.0,0.0,3.25,0.0,XAUUSD,[sl 4460.49],
1541800429,1889660978,2026-08-31 03:01:32,1788145292384,1,1,901018,1889302336,4,0.01,4459.01,0.0,0.0,0.29,0.0,XAUUSD,[sl 4459.01],
1541801471,1889661949,2026-08-31 03:01:36,1788145296527,0,0,901018,1889661949,3,0.01,4458.72,0.0,0.0,0.0,0.0,XAUUSD,STR B3,
1541809759,1889670963,2026-08-31 03:02:30,1788145350363,0,0,901018,1889670963,3,0.01,4457.24,0.0,0.0,0.0,0.0,XAUUSD,STR B2,
1541815064,1889679208,2026-08-31 03:03:09,1788145389339,0,0,901018,1889679208,3,0.01,4455.76,0.0,0.0,0.0,0.0,XAUUSD,STR B1,
1541851378,1889737526,2026-08-31 03:08:29,1788145709196,1,1,901018,1889679208,4,0.01,4456.88,0.0,0.0,1.12,0.0,XAUUSD,[sl 4456.88],
1541869227,1889768244,2026-08-31 03:12:16,1788145936337,0,0,901018,1889768244,3,0.01,4455.76,0.0,0.0,0.0,0.0,XAUUSD,STR B1,
1541885292,1889793215,2026-08-31 03:14:59,1788146099598,1,1,901018,1889661949,4,0.01,4461.94,0.0,0.0,3.22,0.0,XAUUSD,[sl 4461.94],
1541885295,1889793217,2026-08-31 03:14:59,1788146099600,1,1,901018,1889670963,4,0.01,4461.94,0.0,0.0,4.7,0.0,XAUUSD,[sl 4461.94],
1541885296,1889793219,2026-08-31 03:14:59,1788146099601,1,1,901018,1889768244,4,0.01,4461.94,0.0,0.0,6.18,0.0,XAUUSD,[sl 4461.94],
1541895303,1889807790,2026-08-31 03:16:30,1788146190421,1,1,901018,1889293964,4,0.01,4463.59,0.0,0.0,3.39,0.0,XAUUSD,[sl 4463.59],
1541897056,1889810558,2026-08-31 03:16:44,1788146204475,1,1,901018,1889279177,4,0.01,4462.11,0.0,0.0,0.43,0.0,XAUUSD,[sl 4462.11],
1541902218,1889818294,2026-08-31 03:17:47,1788146267819,0,0,901018,1889818294,3,0.01,4461.68,0.0,0.0,0.0,0.0,XAUUSD,STR B5,
1541904100,1889819799,2026-08-31 03:17:54,1788146274779,0,0,901018,1889819799,3,0.01,4460.2,0.0,0.0,0.0,0.0,XAUUSD,STR B4,
1541916351,1889843521,2026-08-31 03:21:38,1788146498444,0,0,901018,1889843521,3,0.01,4458.72,0.0,0.0,0.0,0.0,XAUUSD,STR B3,
1541925152,1889857131,2026-08-31 03:24:18,1788146658656,1,1,901018,1889843521,3,0.01,4457.37,0.0,0.0,-1.35,0.0,XAUUSD,STR CLOSE,
1541925154,1889857133,2026-08-31 03:24:18,1788146658744,1,1,901018,1889819799,3,0.01,4457.37,0.0,0.0,-2.83,0.0,XAUUSD,STR CLOSE,
1541925157,1889857138,2026-08-31 03:24:18,1788146658848,1,1,901018,1889818294,3,0.01,4457.37,0.0,0.0,-4.31,0.0,XAUUSD,STR CLOSE,
1541925163,1889857144,2026-08-31 03:24:18,1788146658942,0,1,901018,1889594770,3,0.01,4457.66,0.0,0.0,-6.34,0.0,XAUUSD,STR CLOSE,
1541925167,1889857151,2026-08-31 03:24:19,1788146659045,0,1,901018,1889583233,3,0.01,4457.66,0.0,0.0,-7.82,0.0,XAUUSD,STR CLOSE,
1541925169,1889857153,2026-08-31 03:24:19,1788146659143,0,1,901018,1889572739,3,0.01,4457.66,0.0,0.0,-10.78,0.0,XAUUSD,STR CLOSE,
1541925172,1889857158,2026-08-31 03:24:19,1788146659242,0,1,901018,1889551728,3,0.01,4457.66,0.0,0.0,-12.26,0.0,XAUUSD,STR CLOSE,
1541925175,1889857162,2026-08-31 03:24:19,1788146659343,0,1,901018,1889532923,3,0.01,4457.73,0.0,0.0,-13.81,0.0,XAUUSD,STR CLOSE,
1541925178,1889857167,2026-08-31 03:24:19,1788146659442,0,1,901018,1889530536,3,0.01,4457.72,0.0,0.0,-15.28,0.0,XAUUSD,STR CLOSE,
1541925183,1889857175,2026-08-31 03:24:19,1788146659543,1,1,901018,1889229378,3,0.01,4457.35,0.0,0.0,-5.8100000000000005,0.0,XAUUSD,STR CLOSE,
1541925187,1889857182,2026-08-31 03:24:19,1788146659642,0,1,901018,1888788773,3,0.01,4457.67,0.0,0.0,-19.67,0.0,XAUUSD,STR CLOSE,
1541925189,1889857187,2026-08-31 03:24:19,1788146659742,0,1,901018,1885768699,3,0.01,4457.61,0.0,0.0,-22.57,0.0,XAUUSD,STR CLOSE,
1541925193,1889857193,2026-08-31 03:24:19,1788146659843,0,1,901018,1885768682,3,0.01,4457.61,0.0,0.0,-21.09,0.0,XAUUSD,STR CLOSE,
1541925195,1889857197,2026-08-31 03:24:19,1788146659942,1,1,901018,1885768442,3,0.01,4457.33,0.0,-0.81,-8.79,0.0,XAUUSD,STR CLOSE,
1541925204,1889857207,2026-08-31 03:24:20,1788146660046,1,1,901018,1885768430,3,0.01,4457.35,0.0,-0.81,-7.29,0.0,XAUUSD,STR CLOSE,
1541930832,1889857290,2026-08-31 03:26:09,1788146769496,1,0,901018,1889857290,3,0.01,4456.02,0.0,0.0,0.0,0.0,XAUUSD,STR S1,
1541933380,1889857317,2026-08-31 03:26:21,1788146781543,1,0,901018,1889857317,3,0.01,4454.53,0.0,0.0,0.0,0.0,XAUUSD,STR S2,
1541946429,1889857372,2026-08-31 03:28:26,1788146906215,1,0,901018,1889857372,3,0.01,4453.04,0.0,0.0,0.0,0.0,XAUUSD,STR S3,
1541951904,1889894616,2026-08-31 03:29:27,1788146967212,0,1,901018,1889857290,4,0.01,4455.5,0.0,0.0,0.52,0.0,XAUUSD,[sl 4455.50],
1541957609,1889857286,2026-08-31 03:30:04,1788147004346,0,0,901018,1889857286,3,0.01,4459.0,0.0,0.0,0.0,0.0,XAUUSD,STR B1,
1541959909,1889857309,2026-08-31 03:30:08,1788147008954,0,0,901018,1889857309,3,0.01,4460.49,0.0,0.0,0.0,0.0,XAUUSD,STR B2,
1541962854,1889857364,2026-08-31 03:30:31,1788147031886,0,0,901018,1889857364,3,0.01,4461.98,0.0,0.0,0.0,0.0,XAUUSD,STR B3,
1541967489,1889857377,2026-08-31 03:31:20,1788147080806,0,0,901018,1889857377,3,0.01,4463.47,0.0,0.0,0.0,0.0,XAUUSD,STR B4,
1541971891,1889923226,2026-08-31 03:32:15,1788147135954,1,1,901018,1889857286,4,0.01,4462.46,0.0,0.0,3.46,0.0,XAUUSD,[sl 4462.46],
1541974652,1889857387,2026-08-31 03:32:40,1788147160448,0,0,901018,1889857387,3,0.01,4464.96,0.0,0.0,0.0,0.0,XAUUSD,STR B5,
1541981563,1889936987,2026-08-31 03:34:20,1788147260880,1,1,901018,1889857309,4,0.01,4464.53,0.0,0.0,4.04,0.0,XAUUSD,[sl 4464.53],
1541982441,1889937831,2026-08-31 03:34:29,1788147269860,1,1,901018,1889857364,4,0.01,4463.04,0.0,0.0,1.06,0.0,XAUUSD,[sl 4463.04],
1541989180,1889857394,2026-08-31 03:35:24,1788147324571,0,0,901018,1889857394,3,0.01,4466.45,0.0,0.0,0.0,0.0,XAUUSD,STR B6,
1541997494,1889857403,2026-08-31 03:36:42,1788147402863,0,0,901018,1889857403,3,0.01,4467.94,0.0,0.0,0.0,0.0,XAUUSD,STR B7,
1542003701,1889857415,2026-08-31 03:38:02,1788147482303,0,0,901018,1889857415,3,0.01,4469.43,0.0,0.0,0.0,0.0,XAUUSD,STR B8,
1542009883,1889976476,2026-08-31 03:39:06,1788147546688,1,1,901018,1889857377,4,0.01,4469.11,0.0,0.0,5.64,0.0,XAUUSD,[sl 4469.11],
1542009885,1889976477,2026-08-31 03:39:06,1788147546689,1,1,901018,1889857387,4,0.01,4469.11,0.0,0.0,4.15,0.0,XAUUSD,[sl 4469.11],
1542015158,1889857422,2026-08-31 03:40:02,1788147602327,0,0,901018,1889857422,3,0.01,4470.92,0.0,0.0,0.0,0.0,XAUUSD,STR B9,
1542019741,1889990333,2026-08-31 03:40:31,1788147631350,1,1,901018,1889857394,4,0.01,4470.45,0.0,0.0,4.0,0.0,XAUUSD,[sl 4470.45],
1542021327,1889992520,2026-08-31 03:40:42,1788147642791,1,1,901018,1889857403,4,0.01,4468.96,0.0,0.0,1.02,0.0,XAUUSD,[sl 4468.96],
1542027428,1890001505,2026-08-31 03:42:03,1788147723965,0,0,901018,1890001505,3,0.01,4467.94,0.0,0.0,0.0,0.0,XAUUSD,STR B7,
1542037720,1890015062,2026-08-31 03:43:41,1788147821383,0,0,901018,1890015062,3,0.01,4464.96,0.0,0.0,0.0,0.0,XAUUSD,STR B5,
1542044248,1890011535,2026-08-31 03:45:38,1788147938073,0,0,901018,1890011535,3,0.01,4466.45,0.0,0.0,0.0,0.0,XAUUSD,STR B6,
1542058780,1890048805,2026-08-31 03:49:58,1788148198904,1,1,901018,1890015062,4,0.01,4465.86,0.0,0.0,0.9,0.0,XAUUSD,[sl 4465.86],
1542061543,1890052548,2026-08-31 03:50:27,1788148227140,0,0,901018,1890052548,3,0.01,4464.96,0.0,0.0,0.0,0.0,XAUUSD,STR B5,
1542068247,1890061079,2026-08-31 03:52:00,1788148320462,0,0,901018,1890061079,3,0.01,4463.47,0.0,0.0,0.0,0.0,XAUUSD,STR B4,
1542084512,1890086531,2026-08-31 03:56:15,1788148575044,1,1,901018,1890061079,4,0.01,4464.04,0.0,0.0,0.57,0.0,XAUUSD,[sl 4464.04],
1542087608,1890090532,2026-08-31 03:57:29,1788148649085,0,0,901018,1890090532,3,0.01,4463.47,0.0,0.0,0.0,0.0,XAUUSD,STR B4,
1542093433,1890098039,2026-08-31 03:57:57,1788148677671,0,0,901018,1890098039,3,0.01,4460.49,0.0,0.0,0.0,0.0,XAUUSD,STR B2,
1542101531,1890107086,2026-08-31 03:59:13,1788148753440,0,0,901018,1890107086,3,0.01,4459.0,0.0,0.0,0.0,0.0,XAUUSD,STR B1,
1542106475,1889896238,2026-08-31 04:00:00,1788148800618,1,0,901018,1889896238,3,0.01,4456.02,0.0,0.0,0.0,0.0,XAUUSD,STR S1,
1542110674,1890122900,2026-08-31 04:00:07,1788148807344,0,1,901018,1889896238,4,0.01,4455.73,0.0,0.0,0.29,0.0,XAUUSD,[sl 4455.73],
1542113035,1889857382,2026-08-31 04:00:12,1788148812181,1,0,901018,1889857382,3,0.01,4451.55,0.0,0.0,0.0,0.0,XAUUSD,STR S4,
1542115274,1889857391,2026-08-31 04:00:20,1788148820560,1,0,901018,1889857391,3,0.01,4450.06,0.0,0.0,0.0,0.0,XAUUSD,STR S5,
1542118573,1889857397,2026-08-31 04:00:27,1788148827631,1,0,901018,1889857397,3,0.01,4448.57,0.0,0.0,0.0,0.0,XAUUSD,STR S6,
1542122564,1889857405,2026-08-31 04:00:37,1788148837697,1,0,901018,1889857405,3,0.01,4447.08,0.0,0.0,0.0,0.0,XAUUSD,STR S7,
1542125384,1889857419,2026-08-31 04:00:49,1788148849609,1,0,901018,1889857419,3,0.01,4445.59,0.0,0.0,0.0,0.0,XAUUSD,STR S8,
1542128036,1890145112,2026-08-31 04:00:55,1788148855596,0,1,901018,1889857317,4,0.01,4446.58,0.0,0.0,7.95,0.0,XAUUSD,[sl 4446.58],
1542128037,1890145113,2026-08-31 04:00:55,1788148855599,0,1,901018,1889857372,4,0.01,4446.58,0.0,0.0,6.46,0.0,XAUUSD,[sl 4446.58],
1542128041,1890145114,2026-08-31 04:00:55,1788148855600,0,1,901018,1889857382,4,0.01,4446.58,0.0,0.0,4.97,0.0,XAUUSD,[sl 4446.58],
1542128046,1890145115,2026-08-31 04:00:55,1788148855602,0,1,901018,1889857391,4,0.01,4446.58,0.0,0.0,3.48,0.0,XAUUSD,[sl 4446.58],
1542130992,1889857426,2026-08-31 04:01:06,1788148866081,1,0,901018,1889857426,3,0.01,4444.1,0.0,0.0,0.0,0.0,XAUUSD,STR S9,
1542131717,1890149543,2026-08-31 04:01:07,1788148867007,0,1,901018,1889857397,4,0.01,4444.6,0.0,0.0,3.9699999999999998,0.0,XAUUSD,[sl 4444.60],
1542133104,1889857435,2026-08-31 04:01:10,1788148870819,1,0,901018,1889857435,3,0.01,4442.61,0.0,0.0,0.0,0.0,XAUUSD,STR S10,
1542134448,1889857442,2026-08-31 04:01:13,1788148873146,1,0,901018,1889857442,3,0.01,4441.12,0.0,0.0,0.0,0.0,XAUUSD,STR S11,
1542135550,1889857449,2026-08-31 04:01:14,1788148874479,1,0,901018,1889857449,3,0.01,4439.63,0.0,0.0,0.0,0.0,XAUUSD,STR S12,
1542137244,1889857460,2026-08-31 04:01:17,1788148877093,1,0,901018,1889857460,3,0.01,4438.14,0.0,0.0,0.0,0.0,XAUUSD,STR S13,
1542138476,1890158171,2026-08-31 04:01:20,1788148880429,0,1,901018,1889857405,4,0.01,4439.8,0.0,0.0,7.28,0.0,XAUUSD,[sl 4439.80],
1542138480,1890158173,2026-08-31 04:01:20,1788148880430,0,1,901018,1889857419,4,0.01,4439.8,0.0,0.0,5.79,0.0,XAUUSD,[sl 4439.80],
1542138484,1890158175,2026-08-31 04:01:20,1788148880431,0,1,901018,1889857426,4,0.01,4439.8,0.0,0.0,4.3,0.0,XAUUSD,[sl 4439.80],
1542139360,1890159378,2026-08-31 04:01:22,1788148882311,0,1,901018,1889857435,4,0.01,4441.29,0.0,0.0,1.32,0.0,XAUUSD,[sl 4441.29],
1542143295,1890163137,2026-08-31 04:01:30,1788148890761,1,0,901018,1890163137,3,0.01,4444.1,0.0,0.0,0.0,0.0,XAUUSD,STR S9,
1542153060,1890174148,2026-08-31 04:01:47,1788148907342,1,0,901018,1890174148,3,0.01,4450.06,0.0,0.0,0.0,0.0,XAUUSD,STR S5,
1542156567,1890180771,2026-08-31 04:01:55,1788148915838,1,0,901018,1890180771,3,0.01,4453.04,0.0,0.0,0.0,0.0,XAUUSD,STR S3,
1542161162,1890187546,2026-08-31 04:02:15,1788148935462,1,0,901018,1890187546,3,0.01,4454.53,0.0,0.0,0.0,0.0,XAUUSD,STR S2,
1542165981,1890178940,2026-08-31 04:02:30,1788148950890,1,0,901018,1890178940,3,0.01,4451.55,0.0,0.0,0.0,0.0,XAUUSD,STR S4,
1542172476,1890203897,2026-08-31 04:02:58,1788148978934,1,0,901018,1890203897,3,0.01,4456.02,0.0,0.0,0.0,0.0,XAUUSD,STR S1,
1542183108,1890219174,2026-08-31 04:03:38,1788149018368,0,1,901018,1890203897,4,0.01,4456.01,0.0,0.0,0.01,0.0,XAUUSD,[sl 4456.01],
1542184239,1890219855,2026-08-31 04:03:41,1788149021791,1,0,901018,1890219855,3,0.01,4456.02,0.0,0.0,0.0,0.0,XAUUSD,STR S1,
1542196806,1890094221,2026-08-31 04:04:43,1788149083757,0,0,901018,1890094221,3,0.01,4461.98,0.0,0.0,0.0,0.0,XAUUSD,STR B3,
1542203202,1890247379,2026-08-31 04:05:12,1788149112358,1,1,901018,1890107086,4,0.01,4460.3,0.0,0.0,1.3,0.0,XAUUSD,[sl 4460.30],
1542220603,1890270662,2026-08-31 04:06:16,1788149176555,0,1,901018,1890219855,4,0.01,4452.17,0.0,0.0,3.85,0.0,XAUUSD,[sl 4452.17],
1542225692,1890278530,2026-08-31 04:06:38,1788149198131,0,1,901018,1890187546,4,0.01,4450.8,0.0,0.0,3.73,0.0,XAUUSD,[sl 4450.80],
1542227414,1890281733,2026-08-31 04:06:49,1788149209304,0,1,901018,1890180771,4,0.01,4452.29,0.0,0.0,0.75,0.0,XAUUSD,[sl 4452.29],
1542231320,1890171587,2026-08-31 04:07:10,1788149230201,1,0,901018,1890171587,3,0.01,4448.57,0.0,0.0,0.0,0.0,XAUUSD,STR S6,
1542234309,1890168328,2026-08-31 04:07:24,1788149244046,1,0,901018,1890168328,3,0.01,4447.08,0.0,0.0,0.0,0.0,XAUUSD,STR S7,
1542236674,1890166381,2026-08-31 04:07:30,1788149250677,1,0,901018,1890166381,3,0.01,4445.59,0.0,0.0,0.0,0.0,XAUUSD,STR S8,
1542240035,1890297726,2026-08-31 04:07:37,1788149257768,0,1,901018,1890171587,4,0.01,4445.18,0.0,0.0,3.39,0.0,XAUUSD,[sl 4445.18],
1542240043,1890297728,2026-08-31 04:07:37,1788149257771,0,1,901018,1890174148,4,0.01,4445.18,0.0,0.0,4.88,0.0,XAUUSD,[sl 4445.18],
1542240045,1890297730,2026-08-31 04:07:37,1788149257772,0,1,901018,1890178940,4,0.01,4445.18,0.0,0.0,6.37,0.0,XAUUSD,[sl 4445.18],
1542241198,1890299260,2026-08-31 04:07:41,1788149261186,0,1,901018,1890168328,4,0.01,4446.67,0.0,0.0,0.41,0.0,XAUUSD,[sl 4446.67],
1542244289,1890301111,2026-08-31 04:07:55,1788149275182,1,0,901018,1890301111,3,0.01,4447.08,0.0,0.0,0.0,0.0,XAUUSD,STR S7,
1542253549,1890161789,2026-08-31 04:08:59,1788149339711,1,0,901018,1890161789,3,0.01,4442.61,0.0,0.0,0.0,0.0,XAUUSD,STR S10,
1542256854,1890321229,2026-08-31 04:09:13,1788149353864,0,1,901018,1890301111,4,0.01,4443.18,0.0,0.0,3.9,0.0,XAUUSD,[sl 4443.18],
1542265142,1890331767,2026-08-31 04:10:14,1788149414469,0,1,901018,1890163137,4,0.01,4440.68,0.0,0.0,3.42,0.0,XAUUSD,[sl 4440.68],
1542265143,1890331768,2026-08-31 04:10:14,1788149414482,0,1,901018,1890166381,4,0.01,4440.68,0.0,0.0,4.91,0.0,XAUUSD,[sl 4440.68],
1542268686,1890336694,2026-08-31 04:10:35,1788149435712,0,1,901018,1890161789,4,0.01,4441.21,0.0,0.0,1.4,0.0,XAUUSD,[sl 4441.21],
1542269159,1890337281,2026-08-31 04:10:36,1788149436229,0,1,901018,1889857442,4,0.01,4441.1,0.0,0.0,0.02,0.0,XAUUSD,[sl 4441.10],
1542278845,1889857466,2026-08-31 04:11:34,1788149494425,1,0,901018,1889857466,3,0.01,4436.65,0.0,0.0,0.0,0.0,XAUUSD,STR S14,
1542285225,1890359691,2026-08-31 04:12:20,1788149540696,0,1,901018,1889857449,4,0.01,4439.23,0.0,0.0,0.4,0.0,XAUUSD,[sl 4439.23],
1542288028,1890361433,2026-08-31 04:12:42,1788149562976,1,0,901018,1890361433,3,0.01,4439.63,0.0,0.0,0.0,0.0,XAUUSD,STR S12,
1542290054,1890364745,2026-08-31 04:12:58,1788149578290,1,0,901018,1890364745,3,0.01,4441.12,0.0,0.0,0.0,0.0,XAUUSD,STR S11,
1542304624,1890384339,2026-08-31 04:14:50,1788149690773,1,0,901018,1890384339,3,0.01,4442.61,0.0,0.0,0.0,0.0,XAUUSD,STR S10,
1542307340,1890387473,2026-08-31 04:14:59,1788149699339,1,0,901018,1890387473,3,0.01,4444.1,0.0,0.0,0.0,0.0,XAUUSD,STR S9,
1542320057,1890407173,2026-08-31 04:16:31,1788149791382,1,0,901018,1890407173,3,0.01,4445.59,0.0,0.0,0.0,0.0,XAUUSD,STR S8,
1542332103,1890421451,2026-08-31 04:17:25,1788149845347,1,0,901018,1890421451,3,0.01,4448.57,0.0,0.0,0.0,0.0,XAUUSD,STR S6,
1542333237,1890417888,2026-08-31 04:17:28,1788149848905,1,0,901018,1890417888,3,0.01,4447.08,0.0,0.0,0.0,0.0,XAUUSD,STR S7,
1542346535,1890439149,2026-08-31 04:18:59,1788149939182,1,0,901018,1890439149,3,0.01,4450.06,0.0,0.0,0.0,0.0,XAUUSD,STR S5,
1542352744,1890450905,2026-08-31 04:19:41,1788149981744,1,0,901018,1890450905,3,0.01,4451.55,0.0,0.0,0.0,0.0,XAUUSD,STR S4,
1542372809,1890479853,2026-08-31 04:21:51,1788150111666,0,1,901018,1890439149,4,0.01,4446.81,0.0,0.0,3.25,0.0,XAUUSD,[sl 4446.81],
1542372813,1890479854,2026-08-31 04:21:51,1788150111670,0,1,901018,1890450905,4,0.01,4446.81,0.0,0.0,4.74,0.0,XAUUSD,[sl 4446.81],
1542373281,1890480327,2026-08-31 04:21:52,1788150112238,0,1,901018,1890421451,4,0.01,4448.0,0.0,0.0,0.57,0.0,XAUUSD,[sl 4448.00],
1542375632,1890481170,2026-08-31 04:21:56,1788150116132,1,0,901018,1890481170,3,0.01,4448.57,0.0,0.0,0.0,0.0,XAUUSD,STR S6,
1542386209,1890495892,2026-08-31 04:22:46,1788150166392,1,0,901018,1890495892,3,0.01,4453.04,0.0,0.0,0.0,0.0,XAUUSD,STR S3,
1542387675,1890492794,2026-08-31 04:22:50,1788150170737,1,0,901018,1890492794,3,0.01,4451.55,0.0,0.0,0.0,0.0,XAUUSD,STR S4,
1542390574,1890488055,2026-08-31 04:23:14,1788150194374,1,0,901018,1890488055,3,0.01,4450.06,0.0,0.0,0.0,0.0,XAUUSD,STR S5,
1542401923,1890520222,2026-08-31 04:24:49,1788150289691,0,1,901018,1890492794,4,0.01,4448.39,0.0,0.0,3.16,0.0,XAUUSD,[sl 4448.39],
1542401928,1890520225,2026-08-31 04:24:49,1788150289693,0,1,901018,1890495892,4,0.01,4448.39,0.0,0.0,4.65,0.0,XAUUSD,[sl 4448.39],
1542403724,1890522445,2026-08-31 04:24:57,1788150297883,0,1,901018,1890488055,4,0.01,4449.88,0.0,0.0,0.18,0.0,XAUUSD,[sl 4449.88],
1542410797,1890531212,2026-08-31 04:25:24,1788150324049,0,1,901018,1890481170,4,0.01,4448.07,0.0,0.0,0.5,0.0,XAUUSD,[sl 4448.07],
1542416476,1890538476,2026-08-31 04:26:30,1788150390951,1,0,901018,1890538476,3,0.01,4448.57,0.0,0.0,0.0,0.0,XAUUSD,STR S6,
1542422195,1890546815,2026-08-31 04:27:32,1788150452984,0,1,901018,1890538476,4,0.01,4445.02,0.0,0.0,3.55,0.0,XAUUSD,[sl 4445.02],
1542426680,1890552420,2026-08-31 04:28:17,1788150497818,0,1,901018,1890417888,4,0.01,4446.51,0.0,0.0,0.57,0.0,XAUUSD,[sl 4446.51],
1542442430,1890572773,2026-08-31 04:30:30,1788150630587,1,0,901018,1890572773,3,0.01,4447.08,0.0,0.0,0.0,0.0,XAUUSD,STR S7,
1542449927,1890583458,2026-08-31 04:31:32,1788150692385,1,0,901018,1890583458,3,0.01,4448.57,0.0,0.0,0.0,0.0,XAUUSD,STR S6,
1542459656,1890596023,2026-08-31 04:32:32,1788150752069,0,1,901018,1890583458,4,0.01,4448.56,0.0,0.0,0.01,0.0,XAUUSD,[sl 4448.56],
1542463807,1890601293,2026-08-31 04:32:56,1788150776549,0,1,901018,1890572773,4,0.01,4446.88,0.0,0.0,0.2,0.0,XAUUSD,[sl 4446.88],
1542469142,1890606562,2026-08-31 04:33:27,1788150807891,0,1,901018,1890407173,4,0.01,4445.53,0.0,0.0,0.06,0.0,XAUUSD,[sl 4445.53],
1542473237,1890611895,2026-08-31 04:34:00,1788150840776,0,1,901018,1890387473,4,0.01,4444.08,0.0,0.0,0.02,0.0,XAUUSD,[sl 4444.08],
1542476302,1890615795,2026-08-31 04:34:26,1788150866633,0,1,901018,1890384339,4,0.01,4441.25,0.0,0.0,1.3599999999999999,0.0,XAUUSD,[sl 4441.25],
1542476920,1890616711,2026-08-31 04:34:31,1788150871909,0,1,901018,1890364745,4,0.01,4440.47,0.0,0.0,0.65,0.0,XAUUSD,[sl 4440.47],
1542481418,1890620367,2026-08-31 04:34:49,1788150889774,1,0,901018,1890620367,3,0.01,4442.61,0.0,0.0,0.0,0.0,XAUUSD,STR S10,
1542483633,1890618699,2026-08-31 04:34:53,1788150893987,1,0,901018,1890618699,3,0.01,4441.12,0.0,0.0,0.0,0.0,XAUUSD,STR S11,
1542514336,1890665615,2026-08-31 04:37:31,1788151051613,1,0,901018,1890665615,3,0.01,4444.1,0.0,0.0,0.0,0.0,XAUUSD,STR S9,
1542521017,1890674283,2026-08-31 04:38:10,1788151090668,1,0,901018,1890674283,3,0.01,4445.59,0.0,0.0,0.0,0.0,XAUUSD,STR S8,
1542524748,1890676154,2026-08-31 04:38:25,1788151105852,1,0,901018,1890676154,3,0.01,4447.08,0.0,0.0,0.0,0.0,XAUUSD,STR S7,
1542532244,1890688935,2026-08-31 04:39:32,1788151172138,1,0,901018,1890688935,3,0.01,4450.06,0.0,0.0,0.0,0.0,XAUUSD,STR S5,
1542534454,1890686143,2026-08-31 04:40:02,1788151202516,1,0,901018,1890686143,3,0.01,4448.57,0.0,0.0,0.0,0.0,XAUUSD,STR S6,
1542548810,1890710664,2026-08-31 04:41:36,1788151296399,0,1,901018,1890688935,4,0.01,4448.73,0.0,0.0,1.33,0.0,XAUUSD,[sl 4448.73],
1542551004,1890710843,2026-08-31 04:41:56,1788151316141,1,0,901018,1890710843,3,0.01,4450.06,0.0,0.0,0.0,0.0,XAUUSD,STR S5,
1542556304,1890720432,2026-08-31 04:42:18,1788151338590,1,0,901018,1890720432,3,0.01,4453.04,0.0,0.0,0.0,0.0,XAUUSD,STR S3,
1542558839,1890716378,2026-08-31 04:42:59,1788151379217,1,0,901018,1890716378,3,0.01,4451.55,0.0,0.0,0.0,0.0,XAUUSD,STR S4,
1542586584,1890762972,2026-08-31 04:47:42,1788151662390,0,1,901018,1890720432,4,0.01,4449.1,0.0,0.0,3.94,0.0,XAUUSD,[sl 4449.10],
1542605199,1890786493,2026-08-31 04:48:52,1788151732458,0,1,901018,1890665615,4,0.01,4441.1,0.0,0.0,3.0,0.0,XAUUSD,[sl 4441.10],
1542605205,1890786496,2026-08-31 04:48:52,1788151732462,0,1,901018,1890674283,4,0.01,4441.1,0.0,0.0,4.49,0.0,XAUUSD,[sl 4441.10],
1542605208,1890786498,2026-08-31 04:48:52,1788151732463,0,1,901018,1890676154,4,0.01,4441.1,0.0,0.0,5.98,0.0,XAUUSD,[sl 4441.10],
1542605210,1890786500,2026-08-31 04:48:52,1788151732464,0,1,901018,1890686143,4,0.01,4441.1,0.0,0.0,7.47,0.0,XAUUSD,[sl 4441.10],
1542605211,1890786502,2026-08-31 04:48:52,1788151732465,0,1,901018,1890710843,4,0.01,4441.1,0.0,0.0,8.96,0.0,XAUUSD,[sl 4441.10],
1542605212,1890786504,2026-08-31 04:48:52,1788151732466,0,1,901018,1890716378,4,0.01,4441.1,0.0,0.0,10.45,0.0,XAUUSD,[sl 4441.10],
1542618111,1890804383,2026-08-31 04:50:22,1788151822233,0,1,901018,1890618699,4,0.01,4437.96,0.0,0.0,3.16,0.0,XAUUSD,[sl 4437.96],
1542618117,1890804385,2026-08-31 04:50:22,1788151822236,0,1,901018,1890620367,4,0.01,4437.96,0.0,0.0,4.65,0.0,XAUUSD,[sl 4437.96],
1542620862,1890808423,2026-08-31 04:50:51,1788151851806,0,1,901018,1890361433,4,0.01,4439.45,0.0,0.0,0.18,0.0,XAUUSD,[sl 4439.45],
1542623328,1890810121,2026-08-31 04:51:05,1788151865297,1,0,901018,1890810121,3,0.01,4439.63,0.0,0.0,0.0,0.0,XAUUSD,STR S12,
1542633237,1890822923,2026-08-31 04:52:42,1788151962879,1,0,901018,1890822923,3,0.01,4441.12,0.0,0.0,0.0,0.0,XAUUSD,STR S11,
1542647968,1890845315,2026-08-31 04:54:47,1788152087238,1,0,901018,1890845315,3,0.01,4444.1,0.0,0.0,0.0,0.0,XAUUSD,STR S9,
1542651152,1890842826,2026-08-31 04:55:21,1788152121360,1,0,901018,1890842826,3,0.01,4442.61,0.0,0.0,0.0,0.0,XAUUSD,STR S10,
1542655963,1890854589,2026-08-31 04:55:49,1788152149769,1,0,901018,1890854589,3,0.01,4445.59,0.0,0.0,0.0,0.0,XAUUSD,STR S8,
1542677550,1890886393,2026-08-31 04:59:11,1788152351470,0,1,901018,1890854589,4,0.01,4441.52,0.0,0.0,4.07,0.0,XAUUSD,[sl 4441.52],
1542693535,1889857473,2026-08-31 05:00:50,1788152450430,1,0,901018,1889857473,3,0.01,4435.16,0.0,0.0,0.0,0.0,XAUUSD,STR S15,
1542697286,1889857506,2026-08-31 05:00:55,1788152455783,1,0,901018,1889857506,3,0.03,4433.67,0.0,0.0,0.0,0.0,XAUUSD,STR S16,
1542704544,1889857535,2026-08-31 05:01:38,1788152498037,1,0,901018,1889857535,3,0.03,4432.18,0.0,0.0,0.0,0.0,XAUUSD,STR S17,
1542707133,1890925929,2026-08-31 05:02:02,1788152522790,0,1,901018,1889857460,4,0.01,4433.66,0.0,0.0,4.48,0.0,XAUUSD,[sl 4433.66],
1542707135,1890925930,2026-08-31 05:02:02,1788152522791,0,1,901018,1889857466,4,0.01,4433.66,0.0,0.0,2.99,0.0,XAUUSD,[sl 4433.66],
1542707137,1890925931,2026-08-31 05:02:02,1788152522792,0,1,901018,1890810121,4,0.01,4433.66,0.0,0.0,5.97,0.0,XAUUSD,[sl 4433.66],
1542707138,1890925932,2026-08-31 05:02:02,1788152522793,0,1,901018,1890822923,4,0.01,4433.66,0.0,0.0,7.46,0.0,XAUUSD,[sl 4433.66],
1542707139,1890925933,2026-08-31 05:02:02,1788152522793,0,1,901018,1890842826,4,0.01,4433.66,0.0,0.0,8.95,0.0,XAUUSD,[sl 4433.66],
1542707140,1890925934,2026-08-31 05:02:02,1788152522794,0,1,901018,1890845315,4,0.01,4433.66,0.0,0.0,10.44,0.0,XAUUSD,[sl 4433.66],
1542709601,1889857558,2026-08-31 05:02:14,1788152534583,1,0,901018,1889857558,3,0.03,4430.69,0.0,0.0,0.0,0.0,XAUUSD,STR S18,
1542710565,1889857565,2026-08-31 05:02:15,1788152535210,1,0,901018,1889857565,3,0.03,4429.2,0.0,0.0,0.0,0.0,XAUUSD,STR S19,
1542716498,1890937146,2026-08-31 05:02:42,1788152562840,0,1,901018,1889857473,4,0.01,4431.01,0.0,0.0,4.15,0.0,XAUUSD,[sl 4431.01],
1542721227,1889857575,2026-08-31 05:03:10,1788152590411,1,0,901018,1889857575,3,0.03,4427.71,0.0,0.0,0.0,0.0,XAUUSD,STR S20,
1542722285,1889857590,2026-08-31 05:03:11,1788152591208,1,0,901018,1889857590,3,0.03,4426.22,0.0,0.0,0.0,0.0,XAUUSD,STR S21,
1542725767,1889857608,2026-08-31 05:03:19,1788152599546,1,0,901018,1889857608,3,0.03,4424.73,0.0,0.0,0.0,0.0,XAUUSD,STR S22,
1542725777,1889857621,2026-08-31 05:03:19,1788152599577,1,0,901018,1889857621,3,0.03,4423.24,0.0,0.0,0.0,0.0,XAUUSD,STR S23,
1542729055,1889857632,2026-08-31 05:03:42,1788152622271,1,0,901018,1889857632,3,0.03,4421.75,0.0,0.0,0.0,0.0,XAUUSD,STR S24,
1542729062,1889857640,2026-08-31 05:03:42,1788152622275,1,0,901018,1889857640,3,0.03,4420.26,0.0,0.0,0.0,0.0,XAUUSD,STR S25,
1542729221,1889857678,2026-08-31 05:03:42,1788152622387,1,0,901018,1889857678,3,0.06,4418.77,0.0,0.0,0.0,0.0,XAUUSD,STR S26,
1542734453,1890957593,2026-08-31 05:03:53,1788152633893,1,1,901018,1890098039,3,0.01,4423.41,0.0,0.0,-37.08,0.0,XAUUSD,STR CLOSE,
1542734515,1890957681,2026-08-31 05:03:54,1788152634018,1,1,901018,1890094221,3,0.01,4423.46,0.0,0.0,-38.52,0.0,XAUUSD,STR CLOSE,
1542734576,1890957771,2026-08-31 05:03:54,1788152634125,1,1,901018,1890090532,3,0.01,4423.45,0.0,0.0,-40.02,0.0,XAUUSD,STR CLOSE,
1542734637,1890957851,2026-08-31 05:03:54,1788152634223,1,1,901018,1890052548,3,0.01,4423.49,0.0,0.0,-41.47,0.0,XAUUSD,STR CLOSE,
1542734692,1890957964,2026-08-31 05:03:54,1788152634322,1,1,901018,1890011535,3,0.01,4423.51,0.0,0.0,-42.94,0.0,XAUUSD,STR CLOSE,
1542734754,1890958042,2026-08-31 05:03:54,1788152634427,1,1,901018,1890001505,3,0.01,4423.63,0.0,0.0,-44.31,0.0,XAUUSD,STR CLOSE,
1542734796,1890958171,2026-08-31 05:03:54,1788152634516,0,1,901018,1889857678,3,0.06,4423.91,0.0,0.0,-30.84,0.0,XAUUSD,STR CLOSE,
1542734854,1890958254,2026-08-31 05:03:54,1788152634616,0,1,901018,1889857640,3,0.03,4423.95,0.0,0.0,-11.07,0.0,XAUUSD,STR CLOSE,
1542734923,1890958347,2026-08-31 05:03:54,1788152634723,0,1,901018,1889857632,3,0.03,4423.98,0.0,0.0,-6.6899999999999995,0.0,XAUUSD,STR CLOSE,
1542734967,1890958412,2026-08-31 05:03:54,1788152634818,0,1,901018,1889857621,3,0.03,4423.98,0.0,0.0,-2.22,0.0,XAUUSD,STR CLOSE,
1542735029,1890958489,2026-08-31 05:03:54,1788152634918,0,1,901018,1889857608,3,0.03,4424.01,0.0,0.0,2.16,0.0,XAUUSD,STR CLOSE,
1542735075,1890958554,2026-08-31 05:03:55,1788152635042,0,1,901018,1889857590,3,0.03,4423.93,0.0,0.0,6.87,0.0,XAUUSD,STR CLOSE,
1542735130,1890958620,2026-08-31 05:03:55,1788152635129,0,1,901018,1889857575,3,0.03,4424.04,0.0,0.0,11.01,0.0,XAUUSD,STR CLOSE,
1542735179,1890958685,2026-08-31 05:03:55,1788152635215,0,1,901018,1889857565,3,0.03,4424.08,0.0,0.0,15.36,0.0,XAUUSD,STR CLOSE,
1542735225,1890958744,2026-08-31 05:03:55,1788152635319,0,1,901018,1889857558,3,0.03,4424.1,0.0,0.0,19.77,0.0,XAUUSD,STR CLOSE,
1542735277,1890958810,2026-08-31 05:03:55,1788152635425,0,1,901018,1889857535,3,0.03,4424.03,0.0,0.0,24.45,0.0,XAUUSD,STR CLOSE,
1542735318,1890958871,2026-08-31 05:03:55,1788152635518,0,1,901018,1889857506,3,0.03,4424.04,0.0,0.0,28.89,0.0,XAUUSD,STR CLOSE,
1542735397,1890958951,2026-08-31 05:03:55,1788152635625,1,1,901018,1889857422,3,0.01,4423.55,0.0,0.0,-47.37,0.0,XAUUSD,STR CLOSE,
1542735460,1890959027,2026-08-31 05:03:55,1788152635700,1,1,901018,1889857415,3,0.01,4423.48,0.0,0.0,-45.95,0.0,XAUUSD,STR CLOSE,
1542737287,1890959316,2026-08-31 05:04:06,1788152646466,0,0,901018,1890959316,3,0.01,4424.64,0.0,0.0,0.0,0.0,XAUUSD,STR B1,
1542739872,1890959388,2026-08-31 05:04:24,1788152664984,0,0,901018,1890959388,3,0.01,4426.11,0.0,0.0,0.0,0.0,XAUUSD,STR B2,
1542741255,1890959477,2026-08-31 05:04:27,1788152667687,0,0,901018,1890959477,3,0.01,4427.58,0.0,0.0,0.0,0.0,XAUUSD,STR B3,
1542745636,1890973347,2026-08-31 05:04:43,1788152683811,1,1,901018,1890959316,4,0.01,4425.08,0.0,0.0,0.44,0.0,XAUUSD,[sl 4425.08],
1542750561,1890959595,2026-08-31 05:05:08,1788152708649,0,0,901018,1890959595,3,0.01,4429.05,0.0,0.0,0.0,0.0,XAUUSD,STR B4,
1542773514,1890959629,2026-08-31 05:08:34,1788152914335,0,0,901018,1890959629,3,0.01,4430.52,0.0,0.0,0.0,0.0,XAUUSD,STR B5,
1542774837,1890959687,2026-08-31 05:08:42,1788152922956,0,0,901018,1890959687,3,0.01,4431.99,0.0,0.0,0.0,0.0,XAUUSD,STR B6,
1542776101,1890959743,2026-08-31 05:08:49,1788152929467,0,0,901018,1890959743,3,0.01,4433.46,0.0,0.0,0.0,0.0,XAUUSD,STR B7,
1542779863,1891021390,2026-08-31 05:09:06,1788152946874,1,1,901018,1890959388,4,0.01,4431.13,0.0,0.0,5.02,0.0,XAUUSD,[sl 4431.13],
1542779870,1891021393,2026-08-31 05:09:06,1788152946876,1,1,901018,1890959477,4,0.01,4431.13,0.0,0.0,3.55,0.0,XAUUSD,[sl 4431.13],
1542784104,1891027687,2026-08-31 05:09:51,1788152991388,1,1,901018,1890959595,4,0.01,4429.66,0.0,0.0,0.61,0.0,XAUUSD,[sl 4429.66],
1542786483,1891029681,2026-08-31 05:10:00,1788153000106,0,0,901018,1891029681,3,0.01,4429.05,0.0,0.0,0.0,0.0,XAUUSD,STR B4,
1542794592,1891042379,2026-08-31 05:10:56,1788153056623,1,1,901018,1891029681,4,0.01,4429.57,0.0,0.0,0.52,0.0,XAUUSD,[sl 4429.57],
1542797710,1891045443,2026-08-31 05:11:26,1788153086827,0,0,901018,1891045443,3,0.01,4429.05,0.0,0.0,0.0,0.0,XAUUSD,STR B4,
1542803688,1891054055,2026-08-31 05:12:23,1788153143154,0,0,901018,1891054055,3,0.01,4427.58,0.0,0.0,0.0,0.0,XAUUSD,STR B3,
1542807681,1891057806,2026-08-31 05:12:38,1788153158275,0,0,901018,1891057806,3,0.01,4426.11,0.0,0.0,0.0,0.0,XAUUSD,STR B2,
1542820088,1891070408,2026-08-31 05:14:38,1788153278765,0,0,901018,1891070408,3,0.01,4424.64,0.0,0.0,0.0,0.0,XAUUSD,STR B1,
1542826581,1890959362,2026-08-31 05:15:39,1788153339665,1,0,901018,1890959362,3,0.01,4421.7,0.0,0.0,0.0,0.0,XAUUSD,STR S1,
1542847877,1890959450,2026-08-31 05:19:04,1788153544801,1,0,901018,1890959450,3,0.01,4420.23,0.0,0.0,0.0,0.0,XAUUSD,STR S2,
1542848941,1890959550,2026-08-31 05:19:05,1788153545592,1,0,901018,1890959550,3,0.01,4418.76,0.0,0.0,0.0,0.0,XAUUSD,STR S3,
1542884916,1891166170,2026-08-31 05:26:12,1788153972501,1,1,901018,1891070408,4,0.01,4424.85,0.0,0.0,0.21,0.0,XAUUSD,[sl 4424.85],
1542887175,1891167918,2026-08-31 05:26:57,1788154017385,0,0,901018,1891167918,3,0.01,4424.64,0.0,0.0,0.0,0.0,XAUUSD,STR B1,
1542946215,1890959604,2026-08-31 05:33:08,1788154388598,1,0,901018,1890959604,3,0.01,4417.29,0.0,0.0,0.0,0.0,XAUUSD,STR S4,
1542948786,1890959660,2026-08-31 05:33:19,1788154399690,1,0,901018,1890959660,3,0.01,4415.82,0.0,0.0,0.0,0.0,XAUUSD,STR S5,
1542953528,1890959721,2026-08-31 05:33:46,1788154426113,1,0,901018,1890959721,3,0.01,4414.35,0.0,0.0,0.0,0.0,XAUUSD,STR S6,
1542956588,1890959783,2026-08-31 05:33:52,1788154432252,1,0,901018,1890959783,3,0.01,4412.88,0.0,0.0,0.0,0.0,XAUUSD,STR S7,
1542959727,1890959824,2026-08-31 05:33:59,1788154439788,1,0,901018,1890959824,3,0.01,4411.41,0.0,0.0,0.0,0.0,XAUUSD,STR S8,
1542963283,1891267532,2026-08-31 05:34:22,1788154462557,0,1,901018,1890959362,4,0.01,4412.96,0.0,0.0,8.74,0.0,XAUUSD,[sl 4412.96],
1542963285,1891267533,2026-08-31 05:34:22,1788154462561,0,1,901018,1890959450,4,0.01,4412.96,0.0,0.0,7.27,0.0,XAUUSD,[sl 4412.96],
1542963287,1891267534,2026-08-31 05:34:22,1788154462562,0,1,901018,1890959550,4,0.01,4412.96,0.0,0.0,5.8,0.0,XAUUSD,[sl 4412.96],
1542963289,1891267535,2026-08-31 05:34:22,1788154462564,0,1,901018,1890959604,4,0.01,4412.96,0.0,0.0,4.33,0.0,XAUUSD,[sl 4412.96],
1542971674,1890959881,2026-08-31 05:35:31,1788154531890,1,0,901018,1890959881,3,0.01,4409.94,0.0,0.0,0.0,0.0,XAUUSD,STR S9,
1542975491,1891283971,2026-08-31 05:35:48,1788154548814,0,1,901018,1890959660,4,0.01,4411.11,0.0,0.0,4.71,0.0,XAUUSD,[sl 4411.11],
1542975496,1891283975,2026-08-31 05:35:48,1788154548816,0,1,901018,1890959721,4,0.01,4411.11,0.0,0.0,3.24,0.0,XAUUSD,[sl 4411.11],
1542978690,1890959914,2026-08-31 05:36:00,1788154560483,1,0,901018,1890959914,3,0.01,4408.47,0.0,0.0,0.0,0.0,XAUUSD,STR S10,
1542978939,1890959955,2026-08-31 05:36:00,1788154560679,1,0,901018,1890959955,3,0.01,4407.0,0.0,0.0,0.0,0.0,XAUUSD,STR S11,
1542984765,1891294441,2026-08-31 05:36:18,1788154578709,0,1,901018,1890959783,4,0.01,4407.56,0.0,0.0,5.32,0.0,XAUUSD,[sl 4407.56],
1542984766,1891294442,2026-08-31 05:36:18,1788154578709,0,1,901018,1890959824,4,0.01,4407.56,0.0,0.0,3.85,0.0,XAUUSD,[sl 4407.56],
1542987216,1890959989,2026-08-31 05:36:31,1788154591666,1,0,901018,1890959989,3,0.01,4405.53,0.0,0.0,0.0,0.0,XAUUSD,STR S12,
1542989302,1891301447,2026-08-31 05:36:47,1788154607469,0,1,901018,1890959881,4,0.01,4408.73,0.0,0.0,1.21,0.0,XAUUSD,[sl 4408.73],
1542998174,1891312097,2026-08-31 05:37:43,1788154663213,1,0,901018,1891312097,3,0.01,4411.41,0.0,0.0,0.0,0.0,XAUUSD,STR S8,
1543000164,1891306990,2026-08-31 05:37:54,1788154674494,1,0,901018,1891306990,3,0.01,4409.94,0.0,0.0,0.0,0.0,XAUUSD,STR S9,
1543006805,1891325979,2026-08-31 05:38:51,1788154731186,0,1,901018,1891312097,4,0.01,4409.98,0.0,0.0,1.43,0.0,XAUUSD,[sl 4409.98],
1543019774,1891344120,2026-08-31 05:40:36,1788154836641,0,1,901018,1891306990,4,0.01,4406.72,0.0,0.0,3.22,0.0,XAUUSD,[sl 4406.72],
1543023030,1890960028,2026-08-31 05:40:50,1788154850737,1,0,901018,1890960028,3,0.01,4404.06,0.0,0.0,0.0,0.0,XAUUSD,STR S13,
1543026514,1891352309,2026-08-31 05:41:10,1788154870361,0,1,901018,1890959914,4,0.01,4404.95,0.0,0.0,3.52,0.0,XAUUSD,[sl 4404.95],
1543028551,1890960073,2026-08-31 05:41:23,1788154883051,1,0,901018,1890960073,3,0.01,4402.59,0.0,0.0,0.0,0.0,XAUUSD,STR S14,
1543035407,1891365126,2026-08-31 05:42:38,1788154958470,0,1,901018,1890959955,4,0.01,4403.76,0.0,0.0,3.24,0.0,XAUUSD,[sl 4403.76],
1543037293,1891367732,2026-08-31 05:42:58,1788154978398,0,1,901018,1890959989,4,0.01,4405.23,0.0,0.0,0.3,0.0,XAUUSD,[sl 4405.23],
1543040176,1891369352,2026-08-31 05:43:09,1788154989459,1,0,901018,1891369352,3,0.01,4405.53,0.0,0.0,0.0,0.0,XAUUSD,STR S12,
1543044375,1891376524,2026-08-31 05:43:40,1788155020759,1,0,901018,1891376524,3,0.01,4407.0,0.0,0.0,0.0,0.0,XAUUSD,STR S11,
1543055444,1891392678,2026-08-31 05:45:20,1788155120868,0,1,901018,1891376524,4,0.01,4405.58,0.0,0.0,1.42,0.0,XAUUSD,[sl 4405.58],
1543073262,1890960120,2026-08-31 05:48:35,1788155315055,1,0,901018,1890960120,3,0.01,4401.12,0.0,0.0,0.0,0.0,XAUUSD,STR S15,
1543073603,1890960174,2026-08-31 05:48:35,1788155315284,1,0,901018,1890960174,3,0.03,4399.65,0.0,0.0,0.0,0.0,XAUUSD,STR S16,
1543077711,1890960227,2026-08-31 05:48:39,1788155319269,1,0,901018,1890960227,3,0.03,4398.18,0.0,0.0,0.0,0.0,XAUUSD,STR S17,
1543078876,1890960267,2026-08-31 05:48:41,1788155321432,1,0,901018,1890960267,3,0.03,4396.71,0.0,0.0,0.0,0.0,XAUUSD,STR S18,
1543080893,1891425484,2026-08-31 05:48:47,1788155327278,0,1,901018,1890960028,4,0.01,4398.31,0.0,0.0,5.75,0.0,XAUUSD,[sl 4398.31],
1543080895,1891425485,2026-08-31 05:48:47,1788155327279,0,1,901018,1890960073,4,0.01,4398.31,0.0,0.0,4.28,0.0,XAUUSD,[sl 4398.31],
1543080896,1891425486,2026-08-31 05:48:47,1788155327280,0,1,901018,1891369352,4,0.01,4398.31,0.0,0.0,7.22,0.0,XAUUSD,[sl 4398.31],
1543082179,1891427184,2026-08-31 05:48:50,1788155330686,0,1,901018,1890960120,4,0.01,4399.78,0.0,0.0,1.34,0.0,XAUUSD,[sl 4399.78],
1543086512,1891433216,2026-08-31 05:49:05,1788155345304,1,0,901018,1891433216,3,0.01,4402.59,0.0,0.0,0.0,0.0,XAUUSD,STR S14,
1543089068,1891430465,2026-08-31 05:49:18,1788155358863,1,0,901018,1891430465,3,0.01,4401.12,0.0,0.0,0.0,0.0,XAUUSD,STR S15,
1543116018,1891474690,2026-08-31 05:51:58,1788155518909,1,0,901018,1891474690,3,0.01,4412.88,0.0,0.0,0.0,0.0,XAUUSD,STR S7,
1543119705,1891479633,2026-08-31 05:52:17,1788155537419,1,0,901018,1891479633,3,0.01,4414.35,0.0,0.0,0.0,0.0,XAUUSD,STR S6,
1543138312,1891509859,2026-08-31 05:55:17,1788155717424,1,0,901018,1891509859,3,0.01,4417.29,0.0,0.0,0.0,0.0,XAUUSD,STR S4,
1543151202,1891528661,2026-08-31 05:57:48,1788155868847,1,0,901018,1891528661,3,0.01,4420.23,0.0,0.0,0.0,0.0,XAUUSD,STR S2,
1543160031,1891540773,2026-08-31 05:59:51,1788155991274,1,0,901018,1891540773,3,0.01,4421.7,0.0,0.0,0.0,0.0,XAUUSD,STR S1,
1543238127,1891670624,2026-08-31 06:16:43,1788157003068,1,1,901018,1891167918,4,0.01,4428.74,0.0,0.0,4.1,0.0,XAUUSD,[sl 4428.74],
1543248275,1891685160,2026-08-31 06:18:43,1788157123791,1,1,901018,1891054055,4,0.01,4430.98,0.0,0.0,3.4,0.0,XAUUSD,[sl 4430.98],
1543248277,1891685162,2026-08-31 06:18:43,1788157123792,1,1,901018,1891057806,4,0.01,4430.98,0.0,0.0,4.87,0.0,XAUUSD,[sl 4430.98],
1543252141,1891689907,2026-08-31 06:19:36,1788157176340,1,1,901018,1891045443,4,0.01,4429.51,0.0,0.0,0.46,0.0,XAUUSD,[sl 4429.51],
1543257339,1891692632,2026-08-31 06:20:36,1788157236598,0,0,901018,1891692632,3,0.01,4429.05,0.0,0.0,0.0,0.0,XAUUSD,STR B4,
1543268320,1891714346,2026-08-31 06:23:12,1788157392669,1,1,901018,1891692632,4,0.01,4432.48,0.0,0.0,3.43,0.0,XAUUSD,[sl 4432.48],
1543271125,1891718838,2026-08-31 06:23:55,1788157435281,1,1,901018,1890959629,4,0.01,4431.01,0.0,0.0,0.49,0.0,XAUUSD,[sl 4431.01],
1543272935,1891720115,2026-08-31 06:24:05,1788157445823,0,0,901018,1891720115,3,0.01,4430.52,0.0,0.0,0.0,0.0,XAUUSD,STR B5,
1543283896,1891736549,2026-08-31 06:27:09,1788157629558,0,0,901018,1891736549,3,0.01,4429.05,0.0,0.0,0.0,0.0,XAUUSD,STR B4,
1543290256,1891742274,2026-08-31 06:28:18,1788157698334,0,0,901018,1891742274,3,0.01,4427.58,0.0,0.0,0.0,0.0,XAUUSD,STR B3,
1543310305,1891773708,2026-08-31 06:33:00,1788157980603,0,0,901018,1891773708,3,0.01,4424.64,0.0,0.0,0.0,0.0,XAUUSD,STR B1,
1543373631,1891769469,2026-08-31 06:50:36,1788159036482,0,0,901018,1891769469,3,0.01,4426.11,0.0,0.0,0.0,0.0,XAUUSD,STR B2,
1543416620,1891525555,2026-08-31 07:04:32,1788159872674,1,0,901018,1891525555,3,0.01,4418.76,0.0,0.0,0.0,0.0,XAUUSD,STR S3,
1543425401,1891943992,2026-08-31 07:06:11,1788159971169,0,1,901018,1891540773,4,0.01,4418.69,0.0,0.0,3.01,0.0,XAUUSD,[sl 4418.69],
1543438659,1891963410,2026-08-31 07:11:23,1788160283780,0,1,901018,1891528661,4,0.01,4420.16,0.0,0.0,0.07,0.0,XAUUSD,[sl 4420.16],
1543452555,1891980156,2026-08-31 07:13:55,1788160435655,1,0,901018,1891980156,3,0.01,4421.7,0.0,0.0,0.0,0.0,XAUUSD,STR S1,
1543458335,1891972451,2026-08-31 07:15:50,1788160550936,1,0,901018,1891972451,3,0.01,4420.23,0.0,0.0,0.0,0.0,XAUUSD,STR S2,
1543488733,1892037727,2026-08-31 07:24:30,1788161070934,0,1,901018,1891980156,4,0.01,4417.86,0.0,0.0,3.84,0.0,XAUUSD,[sl 4417.86],
1543491928,1892043279,2026-08-31 07:25:21,1788161121216,0,1,901018,1891972451,4,0.01,4419.33,0.0,0.0,0.9,0.0,XAUUSD,[sl 4419.33],
1543497004,1892050492,2026-08-31 07:26:55,1788161215240,1,0,901018,1892050492,3,0.01,4420.23,0.0,0.0,0.0,0.0,XAUUSD,STR S2,
1543507933,1891502136,2026-08-31 07:30:02,1788161402594,1,0,901018,1891502136,3,0.01,4415.82,0.0,0.0,0.0,0.0,XAUUSD,STR S5,
1543526122,1892093791,2026-08-31 07:34:37,1788161677405,0,1,901018,1891525555,4,0.01,4414.7,0.0,0.0,4.06,0.0,XAUUSD,[sl 4414.70],
1543526124,1892093792,2026-08-31 07:34:37,1788161677405,0,1,901018,1892050492,4,0.01,4414.7,0.0,0.0,5.53,0.0,XAUUSD,[sl 4414.70],
1543528104,1892095618,2026-08-31 07:34:50,1788161690685,0,1,901018,1891509859,4,0.01,4416.17,0.0,0.0,1.12,0.0,XAUUSD,[sl 4416.17],
1543535580,1892103993,2026-08-31 07:35:41,1788161741784,1,0,901018,1892103993,3,0.01,4417.29,0.0,0.0,0.0,0.0,XAUUSD,STR S4,
1543545487,1892115483,2026-08-31 07:38:04,1788161884681,1,0,901018,1892115483,3,0.01,4420.23,0.0,0.0,0.0,0.0,XAUUSD,STR S2,
1543554198,1892112864,2026-08-31 07:40:37,1788162037308,1,0,901018,1892112864,3,0.01,4418.76,0.0,0.0,0.0,0.0,XAUUSD,STR S3,
1543642229,1892202079,2026-08-31 08:06:08,1788163568754,1,0,901018,1892202079,3,0.01,4421.7,0.0,0.0,0.0,0.0,XAUUSD,STR S1,
1543712318,1892365008,2026-08-31 08:21:20,1788164480285,1,1,901018,1891742274,4,0.01,4430.85,0.0,0.0,3.27,0.0,XAUUSD,[sl 4430.85],
1543712321,1892365009,2026-08-31 08:21:20,1788164480286,1,1,901018,1891769469,4,0.01,4430.85,0.0,0.0,4.74,0.0,XAUUSD,[sl 4430.85],
1543712322,1892365010,2026-08-31 08:21:20,1788164480287,1,1,901018,1891773708,4,0.01,4430.85,0.0,0.0,6.21,0.0,XAUUSD,[sl 4430.85],
1543730483,1892391655,2026-08-31 08:25:06,1788164706074,1,1,901018,1891736549,4,0.01,4433.08,0.0,0.0,4.03,0.0,XAUUSD,[sl 4433.08],
1543734867,1890959806,2026-08-31 08:26:26,1788164786073,0,0,901018,1890959806,3,0.01,4434.93,0.0,0.0,0.0,0.0,XAUUSD,STR B8,
1543740882,1890959868,2026-08-31 08:27:07,1788164827495,0,0,901018,1890959868,3,0.01,4436.4,0.0,0.0,0.0,0.0,XAUUSD,STR B9,
1543744714,1890959898,2026-08-31 08:27:28,1788164848416,0,0,901018,1890959898,3,0.01,4437.87,0.0,0.0,0.0,0.0,XAUUSD,STR B10,
1543752486,1890959931,2026-08-31 08:28:31,1788164911303,0,0,901018,1890959931,3,0.01,4439.34,0.0,0.0,0.0,0.0,XAUUSD,STR B11,
1543757761,1890959971,2026-08-31 08:29:18,1788164958950,0,0,901018,1890959971,3,0.01,4440.81,0.0,0.0,0.0,0.0,XAUUSD,STR B12,
1543762359,1890960002,2026-08-31 08:30:10,1788165010250,0,0,901018,1890960002,3,0.01,4442.28,0.0,0.0,0.0,0.0,XAUUSD,STR B13,
1543765105,1892437464,2026-08-31 08:30:25,1788165025602,1,1,901018,1890959687,4,0.01,4439.39,0.0,0.0,7.4,0.0,XAUUSD,[sl 4439.39],
1543765106,1892437465,2026-08-31 08:30:25,1788165025603,1,1,901018,1890959743,4,0.01,4439.39,0.0,0.0,5.93,0.0,XAUUSD,[sl 4439.39],
1543765107,1892437466,2026-08-31 08:30:25,1788165025603,1,1,901018,1890959806,4,0.01,4439.39,0.0,0.0,4.46,0.0,XAUUSD,[sl 4439.39],
1543765108,1892437467,2026-08-31 08:30:25,1788165025605,1,1,901018,1891720115,4,0.01,4439.2,0.0,0.0,8.68,0.0,XAUUSD,[sl 4439.20],
1543765164,1892437706,2026-08-31 08:30:25,1788165025642,1,1,901018,1890959868,4,0.01,4437.73,0.0,0.0,1.33,0.0,XAUUSD,[sl 4437.73],
1543781281,1892454170,2026-08-31 08:31:43,1788165103279,0,0,901018,1892454170,3,0.01,4433.46,0.0,0.0,0.0,0.0,XAUUSD,STR B7,
1543784372,1892452585,2026-08-31 08:32:05,1788165125033,0,0,901018,1892452585,3,0.01,4434.93,0.0,0.0,0.0,0.0,XAUUSD,STR B8,
1543803425,1892482081,2026-08-31 08:34:33,1788165273279,0,0,901018,1892482081,3,0.01,4431.99,0.0,0.0,0.0,0.0,XAUUSD,STR B6,
1543821104,1892445632,2026-08-31 08:38:44,1788165524684,0,0,901018,1892445632,3,0.01,4436.4,0.0,0.0,0.0,0.0,XAUUSD,STR B9,
1543824714,1892516703,2026-08-31 08:39:06,1788165546336,1,1,901018,1892482081,4,0.01,4435.14,0.0,0.0,3.15,0.0,XAUUSD,[sl 4435.14],
1543827642,1892520669,2026-08-31 08:39:42,1788165582854,1,1,901018,1892454170,4,0.01,4433.67,0.0,0.0,0.21,0.0,XAUUSD,[sl 4433.67],
1543837373,1892534352,2026-08-31 08:41:10,1788165670079,0,0,901018,1892534352,3,0.01,4433.46,0.0,0.0,0.0,0.0,XAUUSD,STR B7,
1543855833,1892560855,2026-08-31 08:44:33,1788165873588,1,1,901018,1892534352,4,0.01,4437.55,0.0,0.0,4.09,0.0,XAUUSD,[sl 4437.55],
1543875269,1892586395,2026-08-31 08:47:45,1788166065917,1,1,901018,1892445632,4,0.01,4439.89,0.0,0.0,3.49,0.0,XAUUSD,[sl 4439.89],
1543875284,1892586398,2026-08-31 08:47:45,1788166065924,1,1,901018,1892452585,4,0.01,4439.89,0.0,0.0,4.96,0.0,XAUUSD,[sl 4439.89],
1543879833,1892592432,2026-08-31 08:48:23,1788166103746,1,1,901018,1890959898,4,0.01,4438.42,0.0,0.0,0.55,0.0,XAUUSD,[sl 4438.42],
1543889620,1892603116,2026-08-31 08:50:08,1788166208296,0,0,901018,1892603116,3,0.01,4436.4,0.0,0.0,0.0,0.0,XAUUSD,STR B9,
1543894957,1892609487,2026-08-31 08:50:53,1788166253086,0,0,901018,1892609487,3,0.01,4434.93,0.0,0.0,0.0,0.0,XAUUSD,STR B8,
1543902951,1892599657,2026-08-31 08:52:43,1788166363315,0,0,901018,1892599657,3,0.01,4437.87,0.0,0.0,0.0,0.0,XAUUSD,STR B10,
1543908350,1892630996,2026-08-31 08:53:16,1788166396028,1,1,901018,1892609487,4,0.01,4438.02,0.0,0.0,3.09,0.0,XAUUSD,[sl 4438.02],
1543912358,1892636772,2026-08-31 08:54:20,1788166460608,1,1,901018,1892603116,4,0.01,4436.55,0.0,0.0,0.15,0.0,XAUUSD,[sl 4436.55],
1543937132,1890960049,2026-08-31 08:58:58,1788166738469,0,0,901018,1890960049,3,0.01,4443.75,0.0,0.0,0.0,0.0,XAUUSD,STR B14,
1543939545,1892671994,2026-08-31 08:59:09,1788166749799,1,1,901018,1892599657,4,0.01,4442.05,0.0,0.0,4.18,0.0,XAUUSD,[sl 4442.05],
1543943537,1892678577,2026-08-31 09:00:03,1788166803897,1,1,901018,1890959931,4,0.01,4440.58,0.0,0.0,1.24,0.0,XAUUSD,[sl 4440.58],
1543947614,1892682014,2026-08-31 09:00:10,1788166810539,0,0,901018,1892682014,3,0.01,4437.87,0.0,0.0,0.0,0.0,XAUUSD,STR B10,
1543954909,1892691707,2026-08-31 09:01:26,1788166886689,0,0,901018,1892691707,3,0.01,4436.4,0.0,0.0,0.0,0.0,XAUUSD,STR B9,
1543971684,1892716774,2026-08-31 09:04:20,1788167060942,0,0,901018,1892716774,3,0.01,4433.46,0.0,0.0,0.0,0.0,XAUUSD,STR B7,
1543981553,1892729382,2026-08-31 09:05:54,1788167154092,0,0,901018,1892729382,3,0.01,4430.52,0.0,0.0,0.0,0.0,XAUUSD,STR B5,
1543983313,1892724574,2026-08-31 09:06:03,1788167163524,0,0,901018,1892724574,3,0.01,4431.99,0.0,0.0,0.0,0.0,XAUUSD,STR B6,
1544010514,1892768693,2026-08-31 09:11:03,1788167463388,1,1,901018,1892729382,4,0.01,4433.89,0.0,0.0,3.37,0.0,XAUUSD,[sl 4433.89],
1544014924,1892775662,2026-08-31 09:12:27,1788167547604,1,1,901018,1892724574,4,0.01,4432.42,0.0,0.0,0.43,0.0,XAUUSD,[sl 4432.42],
1544028828,1892796213,2026-08-31 09:16:30,1788167790417,0,0,901018,1892796213,3,0.01,4431.99,0.0,0.0,0.0,0.0,XAUUSD,STR B6,
1544053554,1892830428,2026-08-31 09:20:03,1788168003742,1,1,901018,1892716774,4,0.01,4436.81,0.0,0.0,3.35,0.0,XAUUSD,[sl 4436.81],
1544053569,1892830431,2026-08-31 09:20:03,1788168003752,1,1,901018,1892796213,4,0.01,4436.81,0.0,0.0,4.82,0.0,XAUUSD,[sl 4436.81],
1544106413,1892902529,2026-08-31 09:30:51,1788168651229,0,0,901018,1892902529,3,0.01,4433.46,0.0,0.0,0.0,0.0,XAUUSD,STR B7,
1544113807,1892915677,2026-08-31 09:32:08,1788168728222,0,0,901018,1892915677,3,0.01,4431.99,0.0,0.0,0.0,0.0,XAUUSD,STR B6,
1544128480,1892938367,2026-08-31 09:34:46,1788168886188,1,1,901018,1892915677,4,0.01,4435.44,0.0,0.0,3.45,0.0,XAUUSD,[sl 4435.44],
1544130764,1892941310,2026-08-31 09:35:00,1788168900287,1,1,901018,1892902529,4,0.01,4433.97,0.0,0.0,0.51,0.0,XAUUSD,[sl 4433.97],
1544148336,1892681109,2026-08-31 09:39:09,1788169149393,0,0,901018,1892681109,3,0.01,4439.34,0.0,0.0,0.0,0.0,XAUUSD,STR B11,
1544157353,1892980428,2026-08-31 09:40:25,1788169225175,1,1,901018,1892691707,4,0.01,4439.39,0.0,0.0,2.99,0.0,XAUUSD,[sl 4439.39],
1544181525,1893021153,2026-08-31 09:48:27,1788169707253,1,1,901018,1892682014,4,0.01,4441.05,0.0,0.0,3.18,0.0,XAUUSD,[sl 4441.05],
1544188992,1893032346,2026-08-31 09:50:28,1788169828549,1,1,901018,1892681109,4,0.01,4439.58,0.0,0.0,0.24,0.0,XAUUSD,[sl 4439.58],
1544199763,1893041434,2026-08-31 09:52:30,1788169950677,0,0,901018,1893041434,3,0.01,4439.34,0.0,0.0,0.0,0.0,XAUUSD,STR B11,
1544206355,1893057237,2026-08-31 09:53:37,1788170017169,0,0,901018,1893057237,3,0.01,4437.87,0.0,0.0,0.0,0.0,XAUUSD,STR B10,
1544259324,1893134307,2026-08-31 10:07:04,1788170824303,1,1,901018,1893057237,4,0.01,4438.46,0.0,0.0,0.59,0.0,XAUUSD,[sl 4438.46],
1544261648,1893136795,2026-08-31 10:07:20,1788170840415,0,0,901018,1893136795,3,0.01,4437.87,0.0,0.0,0.0,0.0,XAUUSD,STR B10,
1544285138,1893171984,2026-08-31 10:14:07,1788171247877,0,0,901018,1893171984,3,0.01,4436.4,0.0,0.0,0.0,0.0,XAUUSD,STR B9,
1544308670,1893206389,2026-08-31 10:19:14,1788171554349,1,1,901018,1893171984,4,0.01,4439.42,0.0,0.0,3.02,0.0,XAUUSD,[sl 4439.42],
1544310475,1893208700,2026-08-31 10:19:23,1788171563953,1,1,901018,1893136795,4,0.01,4437.95,0.0,0.0,0.08,0.0,XAUUSD,[sl 4437.95],
1544311881,1893210021,2026-08-31 10:19:36,1788171576543,0,0,901018,1893210021,3,0.01,4437.87,0.0,0.0,0.0,0.0,XAUUSD,STR B10,
1544330532,1893235143,2026-08-31 10:22:42,1788171762236,1,1,901018,1893041434,4,0.01,4442.36,0.0,0.0,3.02,0.0,XAUUSD,[sl 4442.36],
1544330535,1893235145,2026-08-31 10:22:42,1788171762237,1,1,901018,1893210021,4,0.01,4442.36,0.0,0.0,4.49,0.0,XAUUSD,[sl 4442.36],
1544338955,1890960095,2026-08-31 10:24:27,1788171867186,0,0,901018,1890960095,3,0.01,4445.22,0.0,0.0,0.0,0.0,XAUUSD,STR B15,
1544346471,1893258447,2026-08-31 10:25:56,1788171956240,1,1,901018,1890959971,4,0.01,4444.2,0.0,0.0,3.39,0.0,XAUUSD,[sl 4444.20],
1544352102,1890960154,2026-08-31 10:27:11,1788172031457,0,0,901018,1890960154,3,0.03,4446.69,0.0,0.0,0.0,0.0,XAUUSD,STR B16,
1544358603,1893274794,2026-08-31 10:27:54,1788172074164,1,1,901018,1890960002,4,0.01,4446.22,0.0,0.0,3.94,0.0,XAUUSD,[sl 4446.22],
1544361346,1890960200,2026-08-31 10:28:21,1788172101272,0,0,901018,1890960200,3,0.03,4448.16,0.0,0.0,0.0,0.0,XAUUSD,STR B17,
1544364423,1893282336,2026-08-31 10:28:54,1788172134127,1,1,901018,1890960049,4,0.01,4446.71,0.0,0.0,2.96,0.0,XAUUSD,[sl 4446.71],
1544366939,1893285993,2026-08-31 10:29:26,1788172166115,1,1,901018,1890960095,4,0.01,4445.24,0.0,0.0,0.02,0.0,XAUUSD,[sl 4445.24],
1544375087,1893286934,2026-08-31 10:30:24,1788172224321,0,0,901018,1893286934,3,0.01,4445.22,0.0,0.0,0.0,0.0,XAUUSD,STR B15,
1544395928,1893323013,2026-08-31 10:34:18,1788172458102,0,0,901018,1893323013,3,0.01,4442.28,0.0,0.0,0.0,0.0,XAUUSD,STR B13,
1544397413,1893319239,2026-08-31 10:34:22,1788172462227,0,0,901018,1893319239,3,0.01,4443.75,0.0,0.0,0.0,0.0,XAUUSD,STR B14,
1544449358,1893403954,2026-08-31 10:48:34,1788173314008,1,1,901018,1893323013,4,0.01,4446.24,0.0,0.0,3.96,0.0,XAUUSD,[sl 4446.24],
1544453764,1893408762,2026-08-31 10:49:24,1788173364667,1,1,901018,1893319239,4,0.01,4444.77,0.0,0.0,1.02,0.0,XAUUSD,[sl 4444.77],
1544464515,1893416275,2026-08-31 10:51:18,1788173478900,0,0,901018,1893416275,3,0.01,4443.75,0.0,0.0,0.0,0.0,XAUUSD,STR B14,
1544518568,1893497033,2026-08-31 11:02:09,1788174129741,1,1,901018,1893416275,4,0.01,4446.97,0.0,0.0,3.22,0.0,XAUUSD,[sl 4446.97],
1544529086,1890960244,2026-08-31 11:04:25,1788174265478,0,0,901018,1890960244,3,0.03,4449.63,0.0,0.0,0.0,0.0,XAUUSD,STR B18,
1544538953,1893524311,2026-08-31 11:06:09,1788174369528,1,1,901018,1893286934,4,0.01,4446.5,0.0,0.0,1.28,0.0,XAUUSD,[sl 4446.50],
1544549715,1893535287,2026-08-31 11:07:34,1788174454491,0,0,901018,1893535287,3,0.01,4443.75,0.0,0.0,0.0,0.0,XAUUSD,STR B14,
1544568621,1893564281,2026-08-31 11:12:16,1788174736159,0,0,901018,1893564281,3,0.01,4440.81,0.0,0.0,0.0,0.0,XAUUSD,STR B12,
1544584466,1893582041,2026-08-31 11:14:35,1788174875131,0,0,901018,1893582041,3,0.01,4437.87,0.0,0.0,0.0,0.0,XAUUSD,STR B10,
1544585644,1893574207,2026-08-31 11:14:51,1788174891185,0,0,901018,1893574207,3,0.01,4439.34,0.0,0.0,0.0,0.0,XAUUSD,STR B11,
1544651984,1893682805,2026-08-31 11:31:38,1788175898101,1,1,901018,1893582041,4,0.01,4438.34,0.0,0.0,0.47,0.0,XAUUSD,[sl 4438.34],
1544656933,1893689296,2026-08-31 11:32:59,1788175979261,0,0,901018,1893689296,3,0.01,4437.87,0.0,0.0,0.0,0.0,XAUUSD,STR B10,
1544672799,1893707001,2026-08-31 11:36:18,1788176178236,0,0,901018,1893707001,3,0.01,4436.4,0.0,0.0,0.0,0.0,XAUUSD,STR B9,
1544775936,1893867281,2026-08-31 12:06:15,1788177975625,1,1,901018,1893707001,4,0.01,4439.74,0.0,0.0,3.34,0.0,XAUUSD,[sl 4439.74],
1544778363,1893870028,2026-08-31 12:06:26,1788177986897,1,1,901018,1893689296,4,0.01,4438.27,0.0,0.0,0.4,0.0,XAUUSD,[sl 4438.27],
1544796017,1893894573,2026-08-31 12:10:19,1788178219635,0,0,901018,1893894573,3,0.01,4436.4,0.0,0.0,0.0,0.0,XAUUSD,STR B9,
1544798810,1893888547,2026-08-31 12:10:35,1788178235246,0,0,901018,1893888547,3,0.01,4437.87,0.0,0.0,0.0,0.0,XAUUSD,STR B10,
1544832810,1893946507,2026-08-31 12:17:42,1788178662841,1,1,901018,1893574207,4,0.01,4442.63,0.0,0.0,3.29,0.0,XAUUSD,[sl 4442.63],
1544832812,1893946509,2026-08-31 12:17:42,1788178662842,1,1,901018,1893888547,4,0.01,4442.63,0.0,0.0,4.76,0.0,XAUUSD,[sl 4442.63],
1544832813,1893946510,2026-08-31 12:17:42,1788178662843,1,1,901018,1893894573,4,0.01,4442.63,0.0,0.0,6.23,0.0,XAUUSD,[sl 4442.63],
1544839039,1893955367,2026-08-31 12:19:08,1788178748088,1,1,901018,1893564281,4,0.01,4441.16,0.0,0.0,0.35,0.0,XAUUSD,[sl 4441.16],
1544854907,1893977881,2026-08-31 12:24:04,1788179044720,0,0,901018,1893977881,3,0.01,4439.34,0.0,0.0,0.0,0.0,XAUUSD,STR B11,
1544872782,1893970897,2026-08-31 12:30:19,1788179419509,0,0,901018,1893970897,3,0.01,4440.81,0.0,0.0,0.0,0.0,XAUUSD,STR B12,
1544897909,1894041376,2026-08-31 12:35:47,1788179747945,1,1,901018,1893977881,4,0.01,4443.04,0.0,0.0,3.7,0.0,XAUUSD,[sl 4443.04],
1544908005,1894057626,2026-08-31 12:39:42,1788179982807,1,1,901018,1893970897,4,0.01,4441.57,0.0,0.0,0.76,0.0,XAUUSD,[sl 4441.57],
1544971469,1893531020,2026-08-31 12:59:28,1788181168361,0,0,901018,1893531020,3,0.01,4445.22,0.0,0.0,0.0,0.0,XAUUSD,STR B15,
1545010388,1890960314,2026-08-31 13:06:25,1788181585283,0,0,901018,1890960314,3,0.03,4451.1,0.0,0.0,0.0,0.0,XAUUSD,STR B19,
1545016611,1894218586,2026-08-31 13:06:49,1788181609332,1,1,901018,1893531020,4,0.01,4449.61,0.0,0.0,4.39,0.0,XAUUSD,[sl 4449.61],
1545016614,1894218588,2026-08-31 13:06:49,1788181609334,1,1,901018,1893535287,4,0.01,4449.61,0.0,0.0,5.86,0.0,XAUUSD,[sl 4449.61],
1545022257,1890960545,2026-08-31 13:07:30,1788181650166,0,0,901018,1890960545,3,0.03,4452.57,0.0,0.0,0.0,0.0,XAUUSD,STR B20,
1545030450,1894236438,2026-08-31 13:08:07,1788181687373,1,1,901018,1890960154,4,0.03,4451.82,0.0,0.0,15.39,0.0,XAUUSD,[sl 4451.82],
1545030452,1894236439,2026-08-31 13:08:07,1788181687378,1,1,901018,1890960200,4,0.03,4451.82,0.0,0.0,10.98,0.0,XAUUSD,[sl 4451.82],
1545035205,1894244078,2026-08-31 13:09:03,1788181743491,1,1,901018,1890960244,4,0.03,4450.35,0.0,0.0,2.16,0.0,XAUUSD,[sl 4450.35],
1545060340,1894269590,2026-08-31 13:12:50,1788181970824,0,0,901018,1894269590,3,0.03,4448.16,0.0,0.0,0.0,0.0,XAUUSD,STR B17,
1545063706,1894250426,2026-08-31 13:13:40,1788182020864,0,0,901018,1894250426,3,0.03,4449.63,0.0,0.0,0.0,0.0,XAUUSD,STR B18,
1545080992,1894305904,2026-08-31 13:16:34,1788182194432,1,1,901018,1894269590,4,0.03,4449.11,0.0,0.0,2.85,0.0,XAUUSD,[sl 4449.11],
1545089825,1894311877,2026-08-31 13:18:04,1788182284269,0,0,901018,1894311877,3,0.03,4448.16,0.0,0.0,0.0,0.0,XAUUSD,STR B17,
1545219122,1890960813,2026-08-31 13:52:04,1788184324145,0,0,901018,1890960813,3,0.03,4454.04,0.0,0.0,0.0,0.0,XAUUSD,STR B21,
1545226319,1890960917,2026-08-31 13:52:27,1788184347885,0,0,901018,1890960917,3,0.03,4455.51,0.0,0.0,0.0,0.0,XAUUSD,STR B22,
1545234458,1894532782,2026-08-31 13:54:39,1788184479809,1,1,901018,1894250426,4,0.03,4453.79,0.0,0.0,12.48,0.0,XAUUSD,[sl 4453.79],
1545234460,1894532784,2026-08-31 13:54:39,1788184479811,1,1,901018,1894311877,4,0.03,4453.79,0.0,0.0,16.89,0.0,XAUUSD,[sl 4453.79],
1545272271,1890960990,2026-08-31 14:04:30,1788185070528,0,0,901018,1890960990,3,0.03,4456.98,0.0,0.0,0.0,0.0,XAUUSD,STR B23,
1545275761,1894595866,2026-08-31 14:05:19,1788185119760,1,1,901018,1890960314,4,0.03,4455.36,0.0,0.0,12.78,0.0,XAUUSD,[sl 4455.36],
1545277912,1894598189,2026-08-31 14:05:26,1788185126219,1,1,901018,1890960545,4,0.03,4453.89,0.0,0.0,3.96,0.0,XAUUSD,[sl 4453.89],
1545310761,1894647777,2026-08-31 14:14:09,1788185649193,1,1,901018,1890960813,4,0.03,4454.43,0.0,0.0,1.17,0.0,XAUUSD,[sl 4454.43],
1545322861,1894654314,2026-08-31 14:16:49,1788185809990,0,0,901018,1894654314,3,0.03,4454.04,0.0,0.0,0.0,0.0,XAUUSD,STR B21,
1545353501,1890961051,2026-08-31 14:24:55,1788186295194,0,0,901018,1890961051,3,0.03,4458.45,0.0,0.0,0.0,0.0,XAUUSD,STR B24,
1545361430,1890961441,2026-08-31 14:25:37,1788186337902,0,0,901018,1890961441,3,0.03,4459.92,0.0,0.0,0.0,0.0,XAUUSD,STR B25,
1545372790,1890961802,2026-08-31 14:27:30,1788186450663,0,0,901018,1890961802,3,0.06,4461.39,0.0,0.0,0.0,0.0,XAUUSD,STR B26,
1545381052,1890961908,2026-08-31 14:28:44,1788186524860,0,0,901018,1890961908,3,0.06,4462.86,0.0,0.0,0.0,0.0,XAUUSD,STR B27,
1545393097,1894763589,2026-08-31 14:30:23,1788186623331,1,1,901018,1890960917,4,0.03,4462.51,0.0,0.0,21.0,0.0,XAUUSD,[sl 4462.51],
1545393099,1894763590,2026-08-31 14:30:23,1788186623335,1,1,901018,1890960990,4,0.03,4462.51,0.0,0.0,16.59,0.0,XAUUSD,[sl 4462.51],
1545393100,1894763591,2026-08-31 14:30:23,1788186623336,1,1,901018,1890961051,4,0.03,4462.51,0.0,0.0,12.18,0.0,XAUUSD,[sl 4462.51],
1545393101,1894763592,2026-08-31 14:30:23,1788186623336,1,1,901018,1894654314,4,0.03,4462.51,0.0,0.0,25.41,0.0,XAUUSD,[sl 4462.51],
1545396958,1894768866,2026-08-31 14:31:08,1788186668612,1,1,901018,1890961441,4,0.03,4461.04,0.0,0.0,3.36,0.0,XAUUSD,[sl 4461.04],
1545414272,1894789452,2026-08-31 14:34:34,1788186874786,0,0,901018,1894789452,3,0.03,4459.92,0.0,0.0,0.0,0.0,XAUUSD,STR B25,
1545424315,1894800458,2026-08-31 14:36:10,1788186970452,0,0,901018,1894800458,3,0.03,4458.45,0.0,0.0,0.0,0.0,XAUUSD,STR B24,
1545436950,1894825249,2026-08-31 14:38:46,1788187126755,0,0,901018,1894825249,3,0.03,4456.98,0.0,0.0,0.0,0.0,XAUUSD,STR B23,
1545443463,1894834226,2026-08-31 14:39:55,1788187195064,0,0,901018,1894834226,3,0.03,4455.51,0.0,0.0,0.0,0.0,XAUUSD,STR B22,
1545456806,1894854582,2026-08-31 14:41:41,1788187301965,1,1,901018,1894834226,4,0.03,4456.35,0.0,0.0,2.52,0.0,XAUUSD,[sl 4456.35],
1545461683,1894860691,2026-08-31 14:42:41,1788187361961,0,0,901018,1894860691,3,0.03,4455.51,0.0,0.0,0.0,0.0,XAUUSD,STR B22,
1545482991,1894887407,2026-08-31 14:46:58,1788187618396,0,0,901018,1894887407,3,0.03,4454.04,0.0,0.0,0.0,0.0,XAUUSD,STR B21,
1545543600,1894984389,2026-08-31 15:02:41,1788188561932,1,1,901018,1894887407,4,0.03,4456.99,0.0,0.0,8.85,0.0,XAUUSD,[sl 4456.99],
1545572418,1895024993,2026-08-31 15:08:29,1788188909633,1,1,901018,1894860691,4,0.03,4459.31,0.0,0.0,11.4,0.0,XAUUSD,[sl 4459.31],
1545573669,1895025792,2026-08-31 15:08:31,1788188911240,1,1,901018,1894825249,4,0.03,4457.84,0.0,0.0,2.58,0.0,XAUUSD,[sl 4457.84],
1545585534,1895033170,2026-08-31 15:09:16,1788188956351,0,0,901018,1895033170,3,0.03,4455.51,0.0,0.0,0.0,0.0,XAUUSD,STR B22,
1545586744,1895037358,2026-08-31 15:09:18,1788188958530,0,0,901018,1895037358,3,0.03,4456.98,0.0,0.0,0.0,0.0,XAUUSD,STR B23,
1545614786,1895082334,2026-08-31 15:14:35,1788189275256,1,1,901018,1895033170,4,0.03,4456.78,0.0,0.0,3.81,0.0,XAUUSD,[sl 4456.78],
1545642852,1895123318,2026-08-31 15:20:08,1788189608802,0,0,901018,1895123318,3,0.03,4455.51,0.0,0.0,0.0,0.0,XAUUSD,STR B22,
1545661074,1895140256,2026-08-31 15:21:49,1788189709342,0,0,901018,1895140256,3,0.03,4452.57,0.0,0.0,0.0,0.0,XAUUSD,STR B20,
1545673666,1895163018,2026-08-31 15:24:03,1788189843485,0,0,901018,1895163018,3,0.03,4451.1,0.0,0.0,0.0,0.0,XAUUSD,STR B19,
1545683159,1895134893,2026-08-31 15:25:19,1788189919827,0,0,901018,1895134893,3,0.03,4454.04,0.0,0.0,0.0,0.0,XAUUSD,STR B21,
1545687457,1895182688,2026-08-31 15:25:34,1788189934088,1,1,901018,1895163018,4,0.03,4451.38,0.0,0.0,0.84,0.0,XAUUSD,[sl 4451.38],
1545694208,1895186196,2026-08-31 15:25:42,1788189942323,0,0,901018,1895186196,3,0.03,4449.63,0.0,0.0,0.0,0.0,XAUUSD,STR B18,
1545706039,1895184664,2026-08-31 15:27:11,1788190031792,0,0,901018,1895184664,3,0.03,4451.1,0.0,0.0,0.0,0.0,XAUUSD,STR B19,
1545729315,1895232949,2026-08-31 15:30:03,1788190203955,0,0,901018,1895232949,3,0.03,4448.16,0.0,0.0,0.0,0.0,XAUUSD,STR B17,
1545736834,1895245271,2026-08-31 15:30:28,1788190228520,0,0,901018,1895245271,3,0.03,4446.69,0.0,0.0,0.0,0.0,XAUUSD,STR B16,
1545758033,1895273816,2026-08-31 15:33:10,1788190390070,1,1,901018,1895245271,4,0.03,4446.97,0.0,0.0,0.84,0.0,XAUUSD,[sl 4446.97],
1545763016,1895278684,2026-08-31 15:34:02,1788190442241,0,0,901018,1895278684,3,0.03,4446.69,0.0,0.0,0.0,0.0,XAUUSD,STR B16,
1545786022,1895308393,2026-08-31 15:38:25,1788190705266,0,0,901018,1895308393,3,0.01,4445.22,0.0,0.0,0.0,0.0,XAUUSD,STR B15,
1545809599,1895340662,2026-08-31 15:40:40,1788190840530,0,0,901018,1895340662,3,0.01,4440.81,0.0,0.0,0.0,0.0,XAUUSD,STR B12,
1545846923,1895388268,2026-08-31 15:45:31,1788191131252,0,0,901018,1895388268,3,0.01,4439.34,0.0,0.0,0.0,0.0,XAUUSD,STR B11,
1545852262,1895396267,2026-08-31 15:46:00,1788191160218,0,0,901018,1895396267,3,0.01,4437.87,0.0,0.0,0.0,0.0,XAUUSD,STR B10,
1545870116,1895420737,2026-08-31 15:48:50,1788191330271,0,0,901018,1895420737,3,0.01,4436.4,0.0,0.0,0.0,0.0,XAUUSD,STR B9,
1545890677,1895448205,2026-08-31 15:51:55,1788191515601,1,1,901018,1895420737,4,0.01,4439.82,0.0,0.0,3.42,0.0,XAUUSD,[sl 4439.82],
1545897771,1895459631,2026-08-31 15:53:45,1788191625023,1,1,901018,1895396267,4,0.01,4438.35,0.0,0.0,0.48,0.0,XAUUSD,[sl 4438.35],
1545925054,1895496543,2026-08-31 15:59:01,1788191941098,0,0,901018,1895496543,3,0.01,4436.4,0.0,0.0,0.0,0.0,XAUUSD,STR B9,
1545971422,1895555995,2026-08-31 16:04:19,1788192259480,1,1,901018,1895496543,4,0.01,4436.97,0.0,0.0,0.57,0.0,XAUUSD,[sl 4436.97],
1545999198,1895321638,2026-08-31 16:07:36,1788192456873,0,0,901018,1895321638,3,0.01,4443.75,0.0,0.0,0.0,0.0,XAUUSD,STR B14,
1546014449,1895612802,2026-08-31 16:09:17,1788192557606,1,1,901018,1895340662,4,0.01,4444.22,0.0,0.0,3.41,0.0,XAUUSD,[sl 4444.22],
1546014451,1895612805,2026-08-31 16:09:17,1788192557608,1,1,901018,1895388268,4,0.01,4444.22,0.0,0.0,4.88,0.0,XAUUSD,[sl 4444.22],
1546055505,1895669734,2026-08-31 16:15:47,1788192947794,1,1,901018,1895321638,4,0.01,4446.73,0.0,0.0,2.98,0.0,XAUUSD,[sl 4446.73],
1546057388,1895672146,2026-08-31 16:16:02,1788192962430,1,1,901018,1895308393,4,0.01,4445.26,0.0,0.0,0.04,0.0,XAUUSD,[sl 4445.26],
1546070901,1895677803,2026-08-31 16:17:15,1788193035294,0,0,901018,1895677803,3,0.01,4443.75,0.0,0.0,0.0,0.0,XAUUSD,STR B14,
1546099613,1895724283,2026-08-31 16:22:57,1788193377841,0,0,901018,1895724283,3,0.01,4440.81,0.0,0.0,0.0,0.0,XAUUSD,STR B12,
1546117162,1895675024,2026-08-31 16:26:25,1788193585963,0,0,901018,1895675024,3,0.01,4445.22,0.0,0.0,0.0,0.0,XAUUSD,STR B15,
1546122121,1895759965,2026-08-31 16:27:02,1788193622810,1,1,901018,1895724283,4,0.01,4444.02,0.0,0.0,3.21,0.0,XAUUSD,[sl 4444.02],
1546138154,1895781993,2026-08-31 16:29:45,1788193785464,1,1,901018,1895677803,4,0.01,4444.21,0.0,0.0,0.46,0.0,XAUUSD,[sl 4444.21],
1546151816,1895797536,2026-08-31 16:30:46,1788193846144,0,0,901018,1895797536,3,0.01,4443.75,0.0,0.0,0.0,0.0,XAUUSD,STR B14,
1546168573,1895816968,2026-08-31 16:32:22,1788193942283,0,0,901018,1895816968,3,0.01,4440.81,0.0,0.0,0.0,0.0,XAUUSD,STR B12,
1546174538,1895821246,2026-08-31 16:32:47,1788193967300,0,0,901018,1895821246,3,0.01,4439.34,0.0,0.0,0.0,0.0,XAUUSD,STR B11,
1546201357,1895860119,2026-08-31 16:35:14,1788194114355,0,0,901018,1895860119,3,0.01,4436.4,0.0,0.0,0.0,0.0,XAUUSD,STR B9,
1546229287,1895897239,2026-08-31 16:38:02,1788194282217,1,1,901018,1895860119,4,0.01,4439.61,0.0,0.0,3.21,0.0,XAUUSD,[sl 4439.61],
1546242210,1895912942,2026-08-31 16:39:33,1788194373591,1,1,901018,1895821246,4,0.01,4440.06,0.0,0.0,0.72,0.0,XAUUSD,[sl 4440.06],
1546249712,1895922316,2026-08-31 16:40:06,1788194406558,0,0,901018,1895922316,3,0.01,4436.4,0.0,0.0,0.0,0.0,XAUUSD,STR B9,
1546275594,1895955002,2026-08-31 16:43:33,1788194613539,0,0,901018,1895955002,3,0.01,4433.46,0.0,0.0,0.0,0.0,XAUUSD,STR B7,
1546295695,1895978678,2026-08-31 16:45:37,1788194737981,0,0,901018,1895978678,3,0.01,4431.99,0.0,0.0,0.0,0.0,XAUUSD,STR B6,
1546306772,1895993104,2026-08-31 16:46:33,1788194793654,0,0,901018,1895993104,3,0.01,4430.52,0.0,0.0,0.0,0.0,XAUUSD,STR B5,
1546320008,1896010334,2026-08-31 16:47:15,1788194835930,0,0,901018,1896010334,3,0.01,4426.11,0.0,0.0,0.0,0.0,XAUUSD,STR B2,
1546323441,1896004782,2026-08-31 16:47:33,1788194853834,0,0,901018,1896004782,3,0.01,4427.58,0.0,0.0,0.0,0.0,XAUUSD,STR B3,
1546324659,1896003920,2026-08-31 16:47:36,1788194856366,0,0,901018,1896003920,3,0.01,4429.05,0.0,0.0,0.0,0.0,XAUUSD,STR B4,
1546331040,1896025179,2026-08-31 16:47:53,1788194873621,1,1,901018,1896010334,4,0.01,4429.82,0.0,0.0,3.71,0.0,XAUUSD,[sl 4429.82],
1546341844,1896039785,2026-08-31 16:48:51,1788194931588,1,1,901018,1896004782,4,0.01,4429.04,0.0,0.0,1.46,0.0,XAUUSD,[sl 4429.04],
1546355468,1896051465,2026-08-31 16:50:04,1788195004732,0,0,901018,1896051465,3,0.01,4426.11,0.0,0.0,0.0,0.0,XAUUSD,STR B2,
1546357049,1896046615,2026-08-31 16:50:12,1788195012616,0,0,901018,1896046615,3,0.01,4427.58,0.0,0.0,0.0,0.0,XAUUSD,STR B3,
1546364337,1896070860,2026-08-31 16:50:52,1788195052046,1,1,901018,1896051465,4,0.01,4426.19,0.0,0.0,0.08,0.0,XAUUSD,[sl 4426.19],
1546368193,1896073085,2026-08-31 16:51:00,1788195060759,0,0,901018,1896073085,3,0.01,4424.64,0.0,0.0,0.0,0.0,XAUUSD,STR B1,
1546453507,1896183118,2026-08-31 16:59:58,1788195598249,0,1,901018,1892202079,4,0.01,4417.47,0.0,0.0,4.23,0.0,XAUUSD,[sl 4417.47],
1546456527,1896187331,2026-08-31 17:00:06,1788195606660,0,1,901018,1892115483,4,0.01,4418.94,0.0,0.0,1.29,0.0,XAUUSD,[sl 4418.94],
1546465314,1896196103,2026-08-31 17:00:48,1788195648980,1,0,901018,1896196103,3,0.01,4420.23,0.0,0.0,0.0,0.0,XAUUSD,STR S2,
1546468030,1896201303,2026-08-31 17:01:06,1788195666431,1,0,901018,1896201303,3,0.01,4421.7,0.0,0.0,0.0,0.0,XAUUSD,STR S1,
1546481040,1896217339,2026-08-31 17:02:46,1788195766808,0,1,901018,1896201303,4,0.01,4421.68,0.0,0.0,0.02,0.0,XAUUSD,[sl 4421.68],
1546486322,1896221343,2026-08-31 17:03:13,1788195793094,1,0,901018,1896221343,3,0.01,4421.7,0.0,0.0,0.0,0.0,XAUUSD,STR S1,
1546497223,1896238368,2026-08-31 17:04:29,1788195869609,0,1,901018,1896221343,4,0.01,4421.57,0.0,0.0,0.13,0.0,XAUUSD,[sl 4421.57],
1546498297,1896239471,2026-08-31 17:04:34,1788195874797,1,0,901018,1896239471,3,0.01,4421.7,0.0,0.0,0.0,0.0,XAUUSD,STR S1,
1546519655,1896072037,2026-08-31 17:06:56,1788196016675,0,0,901018,1896072037,3,0.01,4426.11,0.0,0.0,0.0,0.0,XAUUSD,STR B2,
1546556388,1896312795,2026-08-31 17:10:40,1788196240380,1,1,901018,1896073085,4,0.01,4424.67,0.0,0.0,0.03,0.0,XAUUSD,[sl 4424.67],
1546561207,1896319218,2026-08-31 17:11:16,1788196276160,0,0,901018,1896319218,3,0.01,4424.64,0.0,0.0,0.0,0.0,XAUUSD,STR B1,
1546593242,1896361984,2026-08-31 17:15:26,1788196526906,1,1,901018,1896319218,4,0.01,4424.7,0.0,0.0,0.06,0.0,XAUUSD,[sl 4424.70],
1546615118,1896389554,2026-08-31 17:18:39,1788196719588,1,1,901018,1896072037,4,0.01,4429.07,0.0,0.0,2.96,0.0,XAUUSD,[sl 4429.07],
1546616943,1896391371,2026-08-31 17:18:42,1788196722205,1,1,901018,1896046615,4,0.01,4427.6,0.0,0.0,0.02,0.0,XAUUSD,[sl 4427.60],
1546620618,1896392581,2026-08-31 17:18:54,1788196734242,0,0,901018,1896392581,3,0.01,4427.58,0.0,0.0,0.0,0.0,XAUUSD,STR B3,
1546629464,1896408237,2026-08-31 17:20:11,1788196811244,0,0,901018,1896408237,3,0.01,4426.11,0.0,0.0,0.0,0.0,XAUUSD,STR B2,
1546632600,1896410747,2026-08-31 17:20:18,1788196818326,0,0,901018,1896410747,3,0.01,4424.64,0.0,0.0,0.0,0.0,XAUUSD,STR B1,
1546669218,1896458673,2026-08-31 17:24:46,1788197086435,0,1,901018,1896239471,4,0.01,4418.7,0.0,0.0,3.0,0.0,XAUUSD,[sl 4418.70],
1546673647,1896464992,2026-08-31 17:25:10,1788197110785,0,1,901018,1896196103,4,0.01,4420.17,0.0,0.0,0.06,0.0,XAUUSD,[sl 4420.17],
1546684714,1896479828,2026-08-31 17:27:18,1788197238967,1,0,901018,1896479828,3,0.01,4421.7,0.0,0.0,0.0,0.0,XAUUSD,STR S1,
1546695118,1896478301,2026-08-31 17:28:21,1788197301259,1,0,901018,1896478301,3,0.01,4420.23,0.0,0.0,0.0,0.0,XAUUSD,STR S2,
1546748614,1896562143,2026-08-31 17:34:35,1788197675509,1,1,901018,1896410747,4,0.01,4425.39,0.0,0.0,0.75,0.0,XAUUSD,[sl 4425.39],
1546781618,1896604707,2026-08-31 17:37:55,1788197875132,1,1,901018,1896392581,4,0.01,4431.74,0.0,0.0,4.16,0.0,XAUUSD,[sl 4431.74],
1546781621,1896604710,2026-08-31 17:37:55,1788197875135,1,1,901018,1896408237,4,0.01,4431.74,0.0,0.0,5.63,0.0,XAUUSD,[sl 4431.74],
1546799155,1896626644,2026-08-31 17:39:44,1788197984767,1,1,901018,1895993104,4,0.01,4434.28,0.0,0.0,3.76,0.0,XAUUSD,[sl 4434.28],
1546799161,1896626646,2026-08-31 17:39:44,1788197984770,1,1,901018,1896003920,4,0.01,4434.28,0.0,0.0,5.23,0.0,XAUUSD,[sl 4434.28],
1546802104,1896630953,2026-08-31 17:40:05,1788198005370,1,1,901018,1895978678,4,0.01,4432.81,0.0,0.0,0.82,0.0,XAUUSD,[sl 4432.81],
1546829679,1896666694,2026-08-31 17:44:15,1788198255459,0,0,901018,1896666694,3,0.01,4431.99,0.0,0.0,0.0,0.0,XAUUSD,STR B6,
1546855444,1896702135,2026-08-31 17:48:47,1788198527836,1,1,901018,1896666694,4,0.01,4432.86,0.0,0.0,0.87,0.0,XAUUSD,[sl 4432.86],
1546871252,1896716652,2026-08-31 17:50:16,1788198616360,0,0,901018,1896716652,3,0.01,4429.05,0.0,0.0,0.0,0.0,XAUUSD,STR B4,
1546876050,1896725507,2026-08-31 17:50:43,1788198643556,0,0,901018,1896725507,3,0.01,4427.58,0.0,0.0,0.0,0.0,XAUUSD,STR B3,
1546886810,1896714092,2026-08-31 17:51:46,1788198706377,0,0,901018,1896714092,3,0.01,4430.52,0.0,0.0,0.0,0.0,XAUUSD,STR B5,
1546890963,1896746335,2026-08-31 17:52:23,1788198743926,1,1,901018,1896725507,4,0.01,4427.61,0.0,0.0,0.03,0.0,XAUUSD,[sl 4427.61],
1546903967,1896708645,2026-08-31 17:54:37,1788198877265,0,0,901018,1896708645,3,0.01,4431.99,0.0,0.0,0.0,0.0,XAUUSD,STR B6,
1546920356,1896784148,2026-08-31 17:56:51,1788199011302,1,1,901018,1896714092,4,0.01,4434.65,0.0,0.0,4.13,0.0,XAUUSD,[sl 4434.65],
1546920360,1896784151,2026-08-31 17:56:51,1788199011304,1,1,901018,1896716652,4,0.01,4434.65,0.0,0.0,5.6,0.0,XAUUSD,[sl 4434.65],
1546923597,1896788563,2026-08-31 17:57:11,1788199031003,1,1,901018,1896708645,4,0.01,4433.18,0.0,0.0,1.19,0.0,XAUUSD,[sl 4433.18],
1546941702,1896812376,2026-08-31 18:00:37,1788199237126,1,1,901018,1895955002,4,0.01,4433.47,0.0,0.0,0.01,0.0,XAUUSD,[sl 4433.47],
1546953024,1896827562,2026-08-31 18:01:34,1788199294879,0,0,901018,1896827562,3,0.01,4433.46,0.0,0.0,0.0,0.0,XAUUSD,STR B7,
1546965522,1896841526,2026-08-31 18:02:52,1788199372680,0,0,901018,1896841526,3,0.01,4430.52,0.0,0.0,0.0,0.0,XAUUSD,STR B5,
1546983621,1896864835,2026-08-31 18:05:04,1788199504015,0,0,901018,1896864835,3,0.01,4429.05,0.0,0.0,0.0,0.0,XAUUSD,STR B4,
1547002684,1896890789,2026-08-31 18:07:57,1788199677585,1,1,901018,1896864835,4,0.01,4432.28,0.0,0.0,3.23,0.0,XAUUSD,[sl 4432.28],
1547004408,1896893004,2026-08-31 18:08:07,1788199687113,1,1,901018,1896841526,4,0.01,4430.81,0.0,0.0,0.29,0.0,XAUUSD,[sl 4430.81],
1547010424,1896896458,2026-08-31 18:08:59,1788199739701,0,0,901018,1896896458,3,0.01,4430.52,0.0,0.0,0.0,0.0,XAUUSD,STR B5,
1547029124,1896924495,2026-08-31 18:11:29,1788199889289,1,1,901018,1896896458,4,0.01,4434.21,0.0,0.0,3.69,0.0,XAUUSD,[sl 4434.21],
1547049514,1896951051,2026-08-31 18:14:07,1788200047083,1,1,901018,1896827562,4,0.01,4434.56,0.0,0.0,1.1,0.0,XAUUSD,[sl 4434.56],
1547080009,1896987867,2026-08-31 18:17:37,1788200257400,0,0,901018,1896987867,3,0.01,4430.52,0.0,0.0,0.0,0.0,XAUUSD,STR B5,
1547105104,1896983464,2026-08-31 18:21:52,1788200512636,0,0,901018,1896983464,3,0.01,4433.46,0.0,0.0,0.0,0.0,XAUUSD,STR B7,
1547114305,1897034046,2026-08-31 18:23:05,1788200585331,1,1,901018,1896987867,4,0.01,4431.77,0.0,0.0,1.25,0.0,XAUUSD,[sl 4431.77],
1547176555,1897116052,2026-08-31 18:33:47,1788201227016,0,0,901018,1897116052,3,0.01,4430.52,0.0,0.0,0.0,0.0,XAUUSD,STR B5,
1547208552,1897151628,2026-08-31 18:37:49,1788201469490,0,0,901018,1897151628,3,0.01,4429.05,0.0,0.0,0.0,0.0,XAUUSD,STR B4,
1547242495,1897199369,2026-08-31 18:43:43,1788201823026,0,0,901018,1897199369,3,0.01,4427.58,0.0,0.0,0.0,0.0,XAUUSD,STR B3,
1547279695,1897249256,2026-08-31 18:48:47,1788202127807,1,1,901018,1897151628,4,0.01,4432.01,0.0,0.0,2.96,0.0,XAUUSD,[sl 4432.01],
1547279697,1897249258,2026-08-31 18:48:47,1788202127809,1,1,901018,1897199369,4,0.01,4432.01,0.0,0.0,4.43,0.0,XAUUSD,[sl 4432.01],
1547288185,1897261052,2026-08-31 18:50:12,1788202212004,1,1,901018,1897116052,4,0.01,4430.54,0.0,0.0,0.02,0.0,XAUUSD,[sl 4430.54],
1547302209,1897276310,2026-08-31 18:53:00,1788202380113,0,0,901018,1897276310,3,0.01,4429.05,0.0,0.0,0.0,0.0,XAUUSD,STR B4,
1547313101,1897294220,2026-08-31 18:54:49,1788202489160,0,0,901018,1897294220,3,0.01,4427.58,0.0,0.0,0.0,0.0,XAUUSD,STR B3,
1547323233,1897307050,2026-08-31 18:56:46,1788202606614,0,0,901018,1897307050,3,0.01,4426.11,0.0,0.0,0.0,0.0,XAUUSD,STR B2,
1547365179,1897361699,2026-08-31 19:03:23,1788203003528,1,1,901018,1897294220,4,0.01,4431.06,0.0,0.0,3.48,0.0,XAUUSD,[sl 4431.06],
1547365183,1897361701,2026-08-31 19:03:23,1788203003533,1,1,901018,1897307050,4,0.01,4431.06,0.0,0.0,4.95,0.0,XAUUSD,[sl 4431.06],
1547390005,1897393931,2026-08-31 19:07:44,1788203264266,1,1,901018,1897276310,4,0.01,4434.58,0.0,0.0,5.53,0.0,XAUUSD,[sl 4434.58],
1547421574,1897436626,2026-08-31 19:14:08,1788203648281,1,1,901018,1896983464,4,0.01,4434.11,0.0,0.0,0.65,0.0,XAUUSD,[sl 4434.11],
1547425128,1897440633,2026-08-31 19:14:36,1788203676296,0,0,901018,1897440633,3,0.01,4433.46,0.0,0.0,0.0,0.0,XAUUSD,STR B7,
1547452989,1897481958,2026-08-31 19:22:29,1788204149837,1,1,901018,1897440633,4,0.01,4433.83,0.0,0.0,0.37,0.0,XAUUSD,[sl 4433.83],
1547484519,1895915695,2026-08-31 19:30:10,1788204610628,0,0,901018,1895915695,3,0.01,4439.34,0.0,0.0,0.0,0.0,XAUUSD,STR B11,
1547497748,1897540467,2026-08-31 19:32:07,1788204727917,1,1,901018,1895922316,4,0.01,4437.24,0.0,0.0,0.84,0.0,XAUUSD,[sl 4437.24],
1547506079,1897550262,2026-08-31 19:33:24,1788204804694,0,0,901018,1897550262,3,0.01,4436.4,0.0,0.0,0.0,0.0,XAUUSD,STR B9,
1547539471,1897575889,2026-08-31 19:41:00,1788205260434,0,0,901018,1897575889,3,0.01,4433.46,0.0,0.0,0.0,0.0,XAUUSD,STR B7,
1547563198,1897629653,2026-08-31 19:46:07,1788205567840,1,1,901018,1897575889,4,0.01,4434.62,0.0,0.0,1.16,0.0,XAUUSD,[sl 4434.62],
1547571966,1897639721,2026-08-31 19:47:39,1788205659889,0,0,901018,1897639721,3,0.01,4433.46,0.0,0.0,0.0,0.0,XAUUSD,STR B7,
1547591423,1897669761,2026-08-31 19:52:54,1788205974688,1,1,901018,1897639721,4,0.01,4434.56,0.0,0.0,1.1,0.0,XAUUSD,[sl 4434.56],
1547607068,1897690629,2026-08-31 19:58:36,1788206316035,0,0,901018,1897690629,3,0.01,4433.46,0.0,0.0,0.0,0.0,XAUUSD,STR B7,
1547679107,1897803600,2026-08-31 20:22:12,1788207732495,1,1,901018,1897690629,4,0.01,4434.07,0.0,0.0,0.61,0.0,XAUUSD,[sl 4434.07],
1547682071,1897805366,2026-08-31 20:22:30,1788207750654,0,0,901018,1897805366,3,0.01,4433.46,0.0,0.0,0.0,0.0,XAUUSD,STR B7,
1547794620,1897972396,2026-08-31 20:50:08,1788209408560,1,1,901018,1897805366,4,0.01,4438.52,0.0,0.0,5.06,0.0,XAUUSD,[sl 4438.52],
1547807144,1897994822,2026-08-31 20:55:35,1788209735619,1,1,901018,1897550262,4,0.01,4437.05,0.0,0.0,0.65,0.0,XAUUSD,[sl 4437.05],
1547815815,1898006296,2026-08-31 20:58:53,1788209933379,0,0,901018,1898006296,3,0.01,4436.4,0.0,0.0,0.0,0.0,XAUUSD,STR B9,
1547862341,1898030738,2026-08-31 21:14:50,1788210890904,0,0,901018,1898030738,3,0.01,4433.46,0.0,0.0,0.0,0.0,XAUUSD,STR B7,
1547913534,1898152723,2026-08-31 21:30:19,1788211819770,0,0,901018,1898152723,3,0.01,4427.58,0.0,0.0,0.0,0.0,XAUUSD,STR B3,
1547944924,1898148727,2026-08-31 21:40:16,1788212416309,0,0,901018,1898148727,3,0.01,4429.05,0.0,0.0,0.0,0.0,XAUUSD,STR B4,
1547991792,1898269168,2026-08-31 21:55:06,1788213306756,1,1,901018,1898148727,4,0.01,4433.09,0.0,0.0,4.04,0.0,XAUUSD,[sl 4433.09],
1547991795,1898269169,2026-08-31 21:55:06,1788213306776,1,1,901018,1898152723,4,0.01,4433.09,0.0,0.0,5.51,0.0,XAUUSD,[sl 4433.09],
1548083252,1898409845,2026-08-31 22:25:16,1788215116955,1,1,901018,1898006296,4,0.01,4440.83,0.0,0.0,4.43,0.0,XAUUSD,[sl 4440.83],
1548083262,1898409848,2026-08-31 22:25:16,1788215116961,1,1,901018,1898030738,4,0.01,4440.83,0.0,0.0,7.37,0.0,XAUUSD,[sl 4440.83],
1548088251,1898416963,2026-08-31 22:26:10,1788215170136,1,1,901018,1895915695,4,0.01,4439.36,0.0,0.0,0.02,0.0,XAUUSD,[sl 4439.36],
1548090396,1898419752,2026-08-31 22:26:43,1788215203932,0,0,901018,1898419752,3,0.01,4439.34,0.0,0.0,0.0,0.0,XAUUSD,STR B11,
1548130669,1898474788,2026-08-31 22:39:07,1788215947540,1,1,901018,1898419752,4,0.01,4443.72,0.0,0.0,4.38,0.0,XAUUSD,[sl 4443.72],
1548134583,1898480982,2026-08-31 22:40:25,1788216025636,1,1,901018,1895816968,4,0.01,4442.25,0.0,0.0,1.44,0.0,XAUUSD,[sl 4442.25],
1548143774,1898487771,2026-08-31 22:42:47,1788216167180,0,0,901018,1898487771,3,0.01,4440.81,0.0,0.0,0.0,0.0,XAUUSD,STR B12,
1548183109,1898546817,2026-08-31 22:50:50,1788216650759,1,1,901018,1895232949,4,0.03,4448.19,0.0,0.0,0.09,0.0,XAUUSD,[sl 4448.19],
1548183115,1898546819,2026-08-31 22:50:50,1788216650763,1,1,901018,1895278684,4,0.03,4448.19,0.0,0.0,4.5,0.0,XAUUSD,[sl 4448.19],
1548183622,1898547507,2026-08-31 22:50:52,1788216652242,1,1,901018,1895797536,4,0.01,4447.76,0.0,0.0,4.01,0.0,XAUUSD,[sl 4447.76],
1548183667,1898547509,2026-08-31 22:50:52,1788216652269,1,1,901018,1898487771,4,0.01,4447.76,0.0,0.0,6.95,0.0,XAUUSD,[sl 4447.76],
1548184651,1898548236,2026-08-31 22:50:57,1788216657984,0,0,901018,1898548236,3,0.03,4448.16,0.0,0.0,0.0,0.0,XAUUSD,STR B17,
1548200386,1898571148,2026-08-31 22:53:24,1788216804550,1,1,901018,1895675024,4,0.01,4451.23,0.0,0.0,6.01,0.0,XAUUSD,[sl 4451.23],
1548200390,1898571149,2026-08-31 22:53:24,1788216804565,1,1,901018,1898548236,4,0.03,4451.23,0.0,0.0,9.21,0.0,XAUUSD,[sl 4451.23],
1548202097,1898573209,2026-08-31 22:53:34,1788216814299,1,1,901018,1895186196,4,0.03,4449.76,0.0,0.0,0.39,0.0,XAUUSD,[sl 4449.76],
1548205771,1898576470,2026-08-31 22:54:21,1788216861045,0,0,901018,1898576470,3,0.03,4449.63,0.0,0.0,0.0,0.0,XAUUSD,STR B18,
1548230554,1898614729,2026-08-31 23:00:09,1788217209103,1,1,901018,1898576470,4,0.03,4453.69,0.0,0.0,12.18,0.0,XAUUSD,[sl 4453.69],
1548242418,1898632606,2026-08-31 23:02:17,1788217337158,1,1,901018,1895184664,4,0.03,4454.17,0.0,0.0,9.21,0.0,XAUUSD,[sl 4454.17],
1548250336,1898645046,2026-08-31 23:04:58,1788217498428,1,1,901018,1895140256,4,0.03,4452.86,0.0,0.0,0.87,0.0,XAUUSD,[sl 4452.86],
1548253385,1898649199,2026-08-31 23:05:42,1788217542359,0,0,901018,1898649199,3,0.03,4452.57,0.0,0.0,0.0,0.0,XAUUSD,STR B20,
1548278130,1898687807,2026-08-31 23:18:47,1788218327326,0,0,901018,1898687807,3,0.03,4449.63,0.0,0.0,0.0,0.0,XAUUSD,STR B18,
1548283470,1898695477,2026-08-31 23:20:37,1788218437659,0,0,901018,1898695477,3,0.03,4448.16,0.0,0.0,0.0,0.0,XAUUSD,STR B17,
1548326134,1898668092,2026-09-01 02:58:04,1788231484301,0,0,901018,1898668092,3,0.03,4451.1,0.0,0.0,0.0,0.0,XAUUSD,STR B19,
1548337564,1898796098,2026-09-01 03:00:12,1788231612619,1,1,901018,1898687807,4,0.03,4452.7,0.0,0.0,9.21,0.0,XAUUSD,[sl 4452.70],
1548337566,1898796100,2026-09-01 03:00:12,1788231612620,1,1,901018,1898695477,4,0.03,4452.7,0.0,0.0,13.62,0.0,XAUUSD,[sl 4452.70],
1548338464,1898797283,2026-09-01 03:00:18,1788231618772,1,1,901018,1898668092,4,0.03,4451.23,0.0,0.0,0.39,0.0,XAUUSD,[sl 4451.23],
1548345752,1898805641,2026-09-01 03:01:27,1788231687728,0,0,901018,1898805641,3,0.03,4451.1,0.0,0.0,0.0,0.0,XAUUSD,STR B19,
1548360162,1898829736,2026-09-01 03:06:14,1788231974396,1,1,901018,1898805641,4,0.03,4451.34,0.0,0.0,0.72,0.0,XAUUSD,[sl 4451.34],
1548382295,1898861387,2026-09-01 03:12:03,1788232323039,1,1,901018,1898649199,4,0.03,4455.95,0.0,0.0,10.14,0.0,XAUUSD,[sl 4455.95],
1548385190,1898865038,2026-09-01 03:12:29,1788232349581,1,1,901018,1895134893,4,0.03,4454.48,0.0,0.0,1.32,0.0,XAUUSD,[sl 4454.48],
1548388212,1898866307,2026-09-01 03:12:49,1788232369441,0,0,901018,1898866307,3,0.03,4454.04,0.0,0.0,0.0,0.0,XAUUSD,STR B21,
1548400118,1898885550,2026-09-01 03:15:01,1788232501469,1,1,901018,1898866307,4,0.03,4455.06,0.0,0.0,3.06,0.0,XAUUSD,[sl 4455.06],
1548403606,1898889588,2026-09-01 03:15:26,1788232526872,0,0,901018,1898889588,3,0.03,4454.04,0.0,0.0,0.0,0.0,XAUUSD,STR B21,
1548432979,1898930750,2026-09-01 03:22:25,1788232945491,1,1,901018,1895037358,4,0.03,4459.92,0.0,0.0,8.82,0.0,XAUUSD,[sl 4459.92],
1548432980,1898930751,2026-09-01 03:22:25,1788232945492,1,1,901018,1895123318,4,0.03,4459.92,0.0,0.0,13.23,0.0,XAUUSD,[sl 4459.92],
1548432981,1898930752,2026-09-01 03:22:25,1788232945492,1,1,901018,1898889588,4,0.03,4459.92,0.0,0.0,17.64,0.0,XAUUSD,[sl 4459.92],
1548436200,1898935647,2026-09-01 03:23:21,1788233001010,1,1,901018,1894800458,4,0.03,4458.45,0.0,0.0,0.0,0.0,XAUUSD,[sl 4458.45],
1548438394,1898938690,2026-09-01 03:24:05,1788233045665,0,0,901018,1898938690,3,0.03,4458.45,0.0,0.0,0.0,0.0,XAUUSD,STR B24,
1548467860,1898983379,2026-09-01 03:34:05,1788233645435,0,0,901018,1898983379,3,0.03,4456.98,0.0,0.0,0.0,0.0,XAUUSD,STR B23,
1548476306,1898997137,2026-09-01 03:37:12,1788233832787,0,0,901018,1898997137,3,0.03,4455.51,0.0,0.0,0.0,0.0,XAUUSD,STR B22,
1548479605,1899002067,2026-09-01 03:37:54,1788233874055,0,0,901018,1899002067,3,0.03,4454.04,0.0,0.0,0.0,0.0,XAUUSD,STR B21,
1548498036,1899029881,2026-09-01 03:44:33,1788234273125,0,0,901018,1899029881,3,0.03,4452.57,0.0,0.0,0.0,0.0,XAUUSD,STR B20,
1548531851,1899080320,2026-09-01 03:53:06,1788234786423,1,1,901018,1898997137,4,0.03,4459.9,0.0,0.0,13.17,0.0,XAUUSD,[sl 4459.90],
1548531854,1899080321,2026-09-01 03:53:06,1788234786425,1,1,901018,1899002067,4,0.03,4459.9,0.0,0.0,17.58,0.0,XAUUSD,[sl 4459.90],
1548531856,1899080322,2026-09-01 03:53:06,1788234786426,1,1,901018,1899029881,4,0.03,4459.9,0.0,0.0,21.99,0.0,XAUUSD,[sl 4459.90],
1548534386,1899083969,2026-09-01 03:53:33,1788234813740,1,1,901018,1898983379,4,0.03,4458.43,0.0,0.0,4.35,0.0,XAUUSD,[sl 4458.43],
1548541951,1899092464,2026-09-01 03:55:44,1788234944643,0,0,901018,1899092464,3,0.03,4456.98,0.0,0.0,0.0,0.0,XAUUSD,STR B23,
1548552716,1899109776,2026-09-01 03:59:05,1788235145288,0,0,901018,1899109776,3,0.03,4452.57,0.0,0.0,0.0,0.0,XAUUSD,STR B20,
1548554983,1899106848,2026-09-01 03:59:32,1788235172810,0,0,901018,1899106848,3,0.03,4454.04,0.0,0.0,0.0,0.0,XAUUSD,STR B21,
1548561209,1899122395,2026-09-01 04:00:12,1788235212212,0,0,901018,1899122395,3,0.03,4449.63,0.0,0.0,0.0,0.0,XAUUSD,STR B18,
1548562737,1899121325,2026-09-01 04:00:25,1788235225288,0,0,901018,1899121325,3,0.03,4451.1,0.0,0.0,0.0,0.0,XAUUSD,STR B19,
1548568437,1899100197,2026-09-01 04:01:08,1788235268170,0,0,901018,1899100197,3,0.03,4455.51,0.0,0.0,0.0,0.0,XAUUSD,STR B22,
1548570439,1899134439,2026-09-01 04:01:14,1788235274380,1,1,901018,1899121325,4,0.03,4455.41,0.0,0.0,12.93,0.0,XAUUSD,[sl 4455.41],
1548570442,1899134441,2026-09-01 04:01:14,1788235274382,1,1,901018,1899122395,4,0.03,4455.41,0.0,0.0,17.34,0.0,XAUUSD,[sl 4455.41],
1548571447,1899135921,2026-09-01 04:01:23,1788235283749,1,1,901018,1899109776,4,0.03,4453.94,0.0,0.0,4.11,0.0,XAUUSD,[sl 4453.94],
1548576839,1899143192,2026-09-01 04:02:22,1788235342851,0,0,901018,1899143192,3,0.03,4452.57,0.0,0.0,0.0,0.0,XAUUSD,STR B20,
1548582019,1899149755,2026-09-01 04:03:32,1788235412707,0,0,901018,1899149755,3,0.03,4451.1,0.0,0.0,0.0,0.0,XAUUSD,STR B19,
1548584949,1899151264,2026-09-01 04:03:59,1788235439022,0,0,901018,1899151264,3,0.03,4449.63,0.0,0.0,0.0,0.0,XAUUSD,STR B18,
1548594657,1899164945,2026-09-01 04:06:17,1788235577454,0,0,901018,1899164945,3,0.03,4448.16,0.0,0.0,0.0,0.0,XAUUSD,STR B17,
1548612098,1899192039,2026-09-01 04:10:28,1788235828220,0,0,901018,1899192039,3,0.03,4446.69,0.0,0.0,0.0,0.0,XAUUSD,STR B16,
1548639089,1899227508,2026-09-01 04:15:27,1788236127458,0,0,901018,1899227508,3,0.01,4445.22,0.0,0.0,0.0,0.0,XAUUSD,STR B15,
1548675685,1899278421,2026-09-01 04:22:56,1788236576415,0,0,901018,1899278421,3,0.01,4440.81,0.0,0.0,0.0,0.0,XAUUSD,STR B12,
1548684930,1899290971,2026-09-01 04:24:16,1788236656830,0,0,901018,1899290971,3,0.01,4439.34,0.0,0.0,0.0,0.0,XAUUSD,STR B11,
1548747534,1899379269,2026-09-01 04:37:36,1788237456206,1,1,901018,1899278421,4,0.01,4444.14,0.0,0.0,3.33,0.0,XAUUSD,[sl 4444.14],
1548747535,1899379270,2026-09-01 04:37:36,1788237456208,1,1,901018,1899290971,4,0.01,4444.14,0.0,0.0,4.8,0.0,XAUUSD,[sl 4444.14],
1548812188,1899471663,2026-09-01 04:52:56,1788238376338,0,0,901018,1899471663,3,0.01,4440.81,0.0,0.0,0.0,0.0,XAUUSD,STR B12,
1548846161,1899522346,2026-09-01 05:01:29,1788238889348,1,1,901018,1899471663,4,0.01,4443.91,0.0,0.0,3.1,0.0,XAUUSD,[sl 4443.91],
1548874184,1899562137,2026-09-01 05:07:56,1788239276324,1,1,901018,1899227508,4,0.01,4445.73,0.0,0.0,0.51,0.0,XAUUSD,[sl 4445.73],
1548890323,1899566406,2026-09-01 05:10:49,1788239449342,0,0,901018,1899566406,3,0.01,4445.22,0.0,0.0,0.0,0.0,XAUUSD,STR B15,
1548905918,1899604993,2026-09-01 05:13:29,1788239609898,1,1,901018,1899566406,4,0.01,4446.1,0.0,0.0,0.88,0.0,XAUUSD,[sl 4446.10],
1548912728,1899608317,2026-09-01 05:14:35,1788239675031,0,0,901018,1899608317,3,0.01,4445.22,0.0,0.0,0.0,0.0,XAUUSD,STR B15,
1548934832,1899648734,2026-09-01 05:23:40,1788240220975,1,1,901018,1899608317,4,0.01,4445.38,0.0,0.0,0.16,0.0,XAUUSD,[sl 4445.38],
1548957008,1899680872,2026-09-01 05:30:01,1788240601968,0,0,901018,1899680872,3,0.01,4440.81,0.0,0.0,0.0,0.0,XAUUSD,STR B12,
1548971733,1899696842,2026-09-01 05:31:25,1788240685715,0,0,901018,1899696842,3,0.01,4436.4,0.0,0.0,0.0,0.0,XAUUSD,STR B9,
1548976376,1899686993,2026-09-01 05:31:56,1788240716851,0,0,901018,1899686993,3,0.01,4439.34,0.0,0.0,0.0,0.0,XAUUSD,STR B11,
1548987738,1899722615,2026-09-01 05:34:58,1788240898372,1,1,901018,1899696842,4,0.01,4437.5,0.0,0.0,1.1,0.0,XAUUSD,[sl 4437.50],
1549007577,1899743735,2026-09-01 05:38:24,1788241104040,0,0,901018,1899743735,3,0.01,4433.46,0.0,0.0,0.0,0.0,XAUUSD,STR B7,
1549019964,1899725743,2026-09-01 05:41:36,1788241296044,0,0,901018,1899725743,3,0.01,4436.4,0.0,0.0,0.0,0.0,XAUUSD,STR B9,
1549027940,1899778318,2026-09-01 05:43:48,1788241428745,1,1,901018,1899743735,4,0.01,4434.06,0.0,0.0,0.6,0.0,XAUUSD,[sl 4434.06],
1549044608,1899794901,2026-09-01 05:45:52,1788241552206,0,0,901018,1899794901,3,0.01,4429.05,0.0,0.0,0.0,0.0,XAUUSD,STR B4,
1549056994,1899779346,2026-09-01 05:48:19,1788241699761,0,0,901018,1899779346,3,0.01,4433.46,0.0,0.0,0.0,0.0,XAUUSD,STR B7,
1549067554,1899832230,2026-09-01 05:50:34,1788241834923,1,1,901018,1899794901,4,0.01,4434.64,0.0,0.0,5.59,0.0,XAUUSD,[sl 4434.64],
1549084206,1899855405,2026-09-01 05:54:31,1788242071733,1,1,901018,1899779346,4,0.01,4438.72,0.0,0.0,5.26,0.0,XAUUSD,[sl 4438.72],
1549104149,1899884431,2026-09-01 06:00:30,1788242430191,1,1,901018,1899686993,4,0.01,4442.57,0.0,0.0,3.23,0.0,XAUUSD,[sl 4442.57],
1549104150,1899884432,2026-09-01 06:00:30,1788242430191,1,1,901018,1899725743,4,0.01,4442.57,0.0,0.0,6.17,0.0,XAUUSD,[sl 4442.57],
1549111153,1899895074,2026-09-01 06:02:19,1788242539765,1,1,901018,1899680872,4,0.01,4441.1,0.0,0.0,0.29,0.0,XAUUSD,[sl 4441.10],
1549120502,1899902950,2026-09-01 06:04:48,1788242688979,0,0,901018,1899902950,3,0.01,4440.81,0.0,0.0,0.0,0.0,XAUUSD,STR B12,
1549139597,1899940949,2026-09-01 06:13:53,1788243233166,0,0,901018,1899940949,3,0.01,4439.34,0.0,0.0,0.0,0.0,XAUUSD,STR B11,
1549157127,1899967884,2026-09-01 06:20:13,1788243613206,0,0,901018,1899967884,3,0.01,4436.4,0.0,0.0,0.0,0.0,XAUUSD,STR B9,
1549180723,1899992235,2026-09-01 06:27:00,1788244020815,0,0,901018,1899992235,3,0.01,4433.46,0.0,0.0,0.0,0.0,XAUUSD,STR B7,
