ticket,order,time,time_msc,type,entry,magic,position_id,reason,volume,price,commission,swap,profit,fee,symbol,comment,external_id,time_dt,floating_at_end,floating_at_low,direction,date
3398671,9548647,2026-08-24 04:30:00,1787545800682,0,0,26011001,9548647,3,0.2,4656.08,0.0,0.0,0.0,0.0,XAUUSD.u,STR B25,,2026-08-24 04:30:00,-3992.600000000002,-4206.5999999999985,BUY,2026-08-24
3398497,9548645,2026-08-24 04:18:36,1787545116077,0,0,26011001,9548645,3,0.2,4654.54,0.0,0.0,0.0,0.0,XAUUSD.u,STR B24,,2026-08-24 04:18:36,-3961.800000000003,-4175.799999999999,BUY,2026-08-24
3714380,11041060,2026-08-28 16:00:22,1787932822248,0,0,26011001,11041060,3,0.15,4631.23,0.0,0.0,0.0,0.0,XAUUSD.u,STR B16,,2026-08-28 16:00:22,-2621.699999999996,-2782.1999999999935,BUY,2026-08-28
3520619,9718841,2026-08-25 17:41:40,1787679700848,0,0,26011001,9718841,3,0.06,4659.61,0.0,0.0,0.0,0.0,XAUUSD.u,STR B11,,2026-08-25 17:41:40,-1218.9599999999991,-1283.159999999998,BUY,2026-08-25
3408210,9586887,2026-08-24 08:19:02,1787559542021,0,0,26011001,9586887,3,0.05,4659.33,0.0,0.0,0.0,0.0,XAUUSD.u,STR B15,,2026-08-24 08:19:02,-1014.4000000000005,-1067.8999999999996,BUY,2026-08-24
3408079,9586885,2026-08-24 08:17:03,1787559423299,0,0,26011001,9586885,3,0.05,4657.78,0.0,0.0,0.0,0.0,XAUUSD.u,STR B14,,2026-08-24 08:17:03,-1006.6499999999997,-1060.1499999999987,BUY,2026-08-24
3408252,9593322,2026-08-24 08:19:58,1787559598664,0,0,26011001,9593322,3,0.05,4656.23,0.0,0.0,0.0,0.0,XAUUSD.u,STR B13,,2026-08-24 08:19:58,-998.8999999999988,-1052.399999999998,BUY,2026-08-24
3410719,9593412,2026-08-24 09:00:22,1787562022382,0,0,26011001,9593412,3,0.05,4654.68,0.0,0.0,0.0,0.0,XAUUSD.u,STR B12,,2026-08-24 09:00:22,-991.1500000000025,-1044.6500000000015,BUY,2026-08-24
3408373,9593424,2026-08-24 08:22:11,1787559731161,0,0,26011001,9593424,3,0.05,4653.13,0.0,0.0,0.0,0.0,XAUUSD.u,STR B11,,2026-08-24 08:22:11,-983.4000000000016,-1036.9000000000008,BUY,2026-08-24
3714579,11041380,2026-08-28 16:00:40,1787932840614,0,0,26011001,11041380,3,0.04,4616.68,0.0,0.0,0.0,0.0,XAUUSD.u,STR B7,,2026-08-28 16:00:40,-640.9200000000019,-683.7200000000012,BUY,2026-08-28
3658525,10980864,2026-08-27 16:20:57,1787847657824,0,0,26011001,10980864,3,0.04,4583.83,0.0,0.0,0.0,0.0,XAUUSD.u,STR B7,,2026-08-27 16:20:57,-509.52000000000044,-552.3199999999997,BUY,2026-08-27
3482186,9672228,2026-08-25 08:25:38,1787646338277,0,0,26011001,9672228,3,0.01,4652.88,0.0,0.0,0.0,0.0,XAUUSD.u,STR B8,,2026-08-25 08:25:38,-196.4300000000003,-207.13000000000014,BUY,2026-08-25
3410747,9595753,2026-08-24 09:00:41,1787562041283,0,0,26011001,9595753,3,0.01,4651.58,0.0,0.0,0.0,0.0,XAUUSD.u,STR B10,,2026-08-24 09:00:41,-195.1300000000001,-205.82999999999993,BUY,2026-08-24
3482079,9672226,2026-08-25 08:23:47,1787646227148,0,0,26011001,9672226,3,0.01,4651.33,0.0,0.0,0.0,0.0,XAUUSD.u,STR B7,,2026-08-25 08:23:47,-194.8800000000001,-205.57999999999993,BUY,2026-08-25
3410832,9595784,2026-08-24 09:03:15,1787562195808,0,0,26011001,9595784,3,0.01,4650.03,0.0,0.0,0.0,0.0,XAUUSD.u,STR B9,,2026-08-24 09:03:15,-193.57999999999993,-204.27999999999975,BUY,2026-08-24
3410778,9595788,2026-08-24 09:01:50,1787562110076,0,0,26011001,9595788,3,0.01,4648.48,0.0,0.0,0.0,0.0,XAUUSD.u,STR B8,,2026-08-24 09:01:50,-192.02999999999975,-202.7299999999996,BUY,2026-08-24
3411119,9596138,2026-08-24 09:16:02,1787562962626,0,0,26011001,9596138,3,0.01,4646.93,0.0,0.0,0.0,0.0,XAUUSD.u,STR B7,,2026-08-24 09:16:02,-190.48000000000047,-201.18000000000032,BUY,2026-08-24
3411281,9596165,2026-08-24 09:19:12,1787563152504,0,0,26011001,9596165,3,0.01,4645.38,0.0,0.0,0.0,0.0,XAUUSD.u,STR B6,,2026-08-24 09:19:12,-188.9300000000003,-199.6300000000001,BUY,2026-08-24
3412129,9597159,2026-08-24 09:38:42,1787564322766,0,0,26011001,9597159,3,0.01,4643.83,0.0,0.0,0.0,0.0,XAUUSD.u,STR B5,,2026-08-24 09:38:42,-187.3800000000001,-198.07999999999993,BUY,2026-08-24
3505749,9699321,2026-08-25 14:48:26,1787669306158,0,0,26011001,9699321,3,0.01,4642.59,0.0,0.0,0.0,0.0,XAUUSD.u,STR B4,,2026-08-25 14:48:26,-186.14000000000033,-196.84000000000015,BUY,2026-08-25
3413509,9598581,2026-08-24 10:07:59,1787566079728,0,0,26011001,9598581,3,0.01,4642.28,0.0,0.0,0.0,0.0,XAUUSD.u,STR B4,,2026-08-24 10:07:59,-185.82999999999993,-196.52999999999977,BUY,2026-08-24
3413523,9598590,2026-08-24 10:08:11,1787566091586,0,0,26011001,9598590,3,0.01,4640.73,0.0,0.0,0.0,0.0,XAUUSD.u,STR B3,,2026-08-24 10:08:11,-184.27999999999975,-194.97999999999956,BUY,2026-08-24
3413607,9598614,2026-08-24 10:10:21,1787566221467,0,0,26011001,9598614,3,0.01,4639.18,0.0,0.0,0.0,0.0,XAUUSD.u,STR B2,,2026-08-24 10:10:21,-182.73000000000047,-193.4300000000003,BUY,2026-08-24
3413552,9598629,2026-08-24 10:08:59,1787566139465,0,0,26011001,9598629,3,0.01,4637.63,0.0,0.0,0.0,0.0,XAUUSD.u,STR B1,,2026-08-24 10:08:59,-181.1800000000003,-191.8800000000001,BUY,2026-08-24
3734318,11061291,2026-08-28 19:22:20,1787944940963,0,0,26011001,11061291,3,0.06,4486.59,0.0,0.0,0.0,0.0,XAUUSD.u,STR B7,,2026-08-28 19:22:20,-180.84000000000196,-245.04000000000084,BUY,2026-08-28
3622568,10520346,2026-08-27 05:20:36,1787808036802,0,0,26011001,10520346,3,0.01,4636.09,0.0,0.0,0.0,0.0,XAUUSD.u,STR B6,,2026-08-27 05:20:36,-179.64000000000033,-190.34000000000015,BUY,2026-08-27
3589652,9975497,2026-08-26 15:57:45,1787759865748,0,0,26011001,9975497,3,0.01,4630.65,0.0,0.0,0.0,0.0,XAUUSD.u,STR B10,,2026-08-26 15:57:45,-174.19999999999982,-184.89999999999964,BUY,2026-08-26
3623279,10534130,2026-08-27 05:42:16,1787809336569,0,0,26011001,10534130,3,0.01,4629.93,0.0,0.0,0.0,0.0,XAUUSD.u,STR B2,,2026-08-27 05:42:16,-173.48000000000047,-184.1800000000003,BUY,2026-08-27
3590091,9990988,2026-08-26 16:01:36,1787760096930,0,0,26011001,9990988,3,0.01,4627.57,0.0,0.0,0.0,0.0,XAUUSD.u,STR B8,,2026-08-26 16:01:36,-171.1199999999999,-181.8199999999997,BUY,2026-08-26
3591725,9997290,2026-08-26 16:23:26,1787761406046,0,0,26011001,9997290,3,0.01,4622.95,0.0,0.0,0.0,0.0,XAUUSD.u,STR B5,,2026-08-26 16:23:26,-166.5,-177.19999999999982,BUY,2026-08-26
3593067,10011239,2026-08-26 16:46:45,1787762805038,0,0,26011001,10011239,3,0.01,4618.33,0.0,0.0,0.0,0.0,XAUUSD.u,STR B2,,2026-08-26 16:46:45,-161.8800000000001,-172.57999999999993,BUY,2026-08-26
3693394,11018656,2026-08-28 08:59:39,1787907579683,0,0,26011001,11018656,3,0.01,4612.73,0.0,0.0,0.0,0.0,XAUUSD.u,STR B1,,2026-08-28 08:59:39,-156.27999999999975,-166.97999999999956,BUY,2026-08-28
3701518,11023948,2026-08-28 12:15:25,1787919325844,0,0,26011001,11023948,3,0.01,4609.39,0.0,0.0,0.0,0.0,XAUUSD.u,STR B3,,2026-08-28 12:15:25,-152.9400000000005,-163.64000000000033,BUY,2026-08-28
3630765,10548409,2026-08-27 08:40:34,1787820034162,0,0,26011001,10548409,3,0.01,4608.6,0.0,0.0,0.0,0.0,XAUUSD.u,STR B2,,2026-08-27 08:40:34,-152.15000000000055,-162.85000000000036,BUY,2026-08-27
3348747,9525751,2026-08-21 13:37:19,1787319439494,0,0,26011001,9525751,3,0.01,4603.32,0.0,0.0,0.0,0.0,XAUUSD.u,STR B8,,2026-08-21 13:37:19,-146.8699999999999,-157.5699999999997,BUY,2026-08-21
3357335,9542878,2026-08-21 16:27:47,1787329667444,0,0,26011001,9542878,3,0.01,4602.52,0.0,0.0,0.0,0.0,XAUUSD.u,STR B10,,2026-08-21 16:27:47,-146.07000000000062,-156.77000000000044,BUY,2026-08-21
3348635,9525748,2026-08-21 13:36:35,1787319395118,0,0,26011001,9525748,3,0.01,4601.79,0.0,0.0,0.0,0.0,XAUUSD.u,STR B7,,2026-08-21 13:36:35,-145.34000000000015,-156.03999999999996,BUY,2026-08-21
3357317,9542876,2026-08-21 16:27:42,1787329662359,0,0,26011001,9542876,3,0.01,4600.99,0.0,0.0,0.0,0.0,XAUUSD.u,STR B9,,2026-08-21 16:27:42,-144.53999999999996,-155.23999999999978,BUY,2026-08-21
3348054,9525746,2026-08-21 13:22:26,1787318546307,0,0,26011001,9525746,3,0.01,4600.26,0.0,0.0,0.0,0.0,XAUUSD.u,STR B6,,2026-08-21 13:22:26,-143.8100000000004,-154.51000000000022,BUY,2026-08-21
3715023,11041896,2026-08-28 16:02:05,1787932925350,0,0,26011001,11041896,3,0.01,4599.77,0.0,0.0,0.0,0.0,XAUUSD.u,STR B2,,2026-08-28 16:02:05,-143.32000000000062,-154.02000000000044,BUY,2026-08-28
3347998,9525744,2026-08-21 13:21:17,1787318477482,0,0,26011001,9525744,3,0.01,4598.73,0.0,0.0,0.0,0.0,XAUUSD.u,STR B5,,2026-08-21 13:21:17,-142.27999999999975,-152.97999999999956,BUY,2026-08-21
3662164,10984960,2026-08-27 17:32:05,1787851925537,0,0,26011001,10984960,3,0.01,4598.32,0.0,0.0,0.0,0.0,XAUUSD.u,STR B3,,2026-08-27 17:32:05,-141.8699999999999,-152.5699999999997,BUY,2026-08-27
3715020,11041894,2026-08-28 16:02:05,1787932925024,0,0,26011001,11041894,3,0.01,4598.24,0.0,0.0,0.0,0.0,XAUUSD.u,STR B1,,2026-08-28 16:02:05,-141.78999999999996,-152.48999999999978,BUY,2026-08-28
3348237,9527572,2026-08-21 13:25:02,1787318702393,0,0,26011001,9527572,3,0.01,4597.2,0.0,0.0,0.0,0.0,XAUUSD.u,STR B4,,2026-08-21 13:25:02,-140.75,-151.44999999999982,BUY,2026-08-21
3655543,10978064,2026-08-27 15:44:04,1787845444100,0,0,26011001,10978064,3,0.01,4582.94,0.0,0.0,0.0,0.0,XAUUSD.u,STR B3,,2026-08-27 15:44:04,-126.4899999999998,-137.1899999999996,BUY,2026-08-27
3656659,10980159,2026-08-27 15:52:37,1787845957403,0,0,26011001,10980159,3,0.01,4582.53,0.0,0.0,0.0,0.0,XAUUSD.u,STR B2,,2026-08-27 15:52:37,-126.07999999999993,-136.77999999999975,BUY,2026-08-27
3723492,11051168,2026-08-28 17:00:54,1787936454327,0,0,26011001,11051168,3,0.01,4582.48,0.0,0.0,0.0,0.0,XAUUSD.u,STR B3,,2026-08-28 17:00:54,-126.02999999999976,-136.72999999999956,BUY,2026-08-28
3654878,10978062,2026-08-27 15:36:42,1787845002871,0,0,26011001,10978062,3,0.01,4581.41,0.0,0.0,0.0,0.0,XAUUSD.u,STR B2,,2026-08-27 15:36:42,-124.96000000000005,-135.65999999999985,BUY,2026-08-27
3655446,10978591,2026-08-27 15:42:58,1787845378780,0,0,26011001,10978591,3,0.01,4581.41,0.0,0.0,0.0,0.0,XAUUSD.u,STR B2,,2026-08-27 15:42:58,-124.96000000000005,-135.65999999999985,BUY,2026-08-27
3717143,11044029,2026-08-28 16:09:34,1787933374708,0,0,26011001,11044029,3,0.01,4581.19,0.0,0.0,0.0,0.0,XAUUSD.u,STR B5,,2026-08-28 16:09:34,-124.73999999999978,-135.4399999999996,BUY,2026-08-28
3723450,11051166,2026-08-28 17:00:25,1787936425812,0,0,26011001,11051166,3,0.01,4580.95,0.0,0.0,0.0,0.0,XAUUSD.u,STR B2,,2026-08-28 17:00:25,-124.50000000000001,-135.19999999999982,BUY,2026-08-28
3721054,11048206,2026-08-28 16:36:13,1787934973447,0,0,26011001,11048206,3,0.01,4576.18,0.0,0.0,0.0,0.0,XAUUSD.u,STR B9,,2026-08-28 16:36:13,-119.73000000000047,-130.4300000000003,BUY,2026-08-28
3721030,11048204,2026-08-28 16:35:57,1787934957843,0,0,26011001,11048204,3,0.01,4574.66,0.0,0.0,0.0,0.0,XAUUSD.u,STR B8,,2026-08-28 16:35:57,-118.21000000000004,-128.90999999999985,BUY,2026-08-28
3721116,11048751,2026-08-28 16:36:59,1787935019664,0,0,26011001,11048751,3,0.01,4573.14,0.0,0.0,0.0,0.0,XAUUSD.u,STR B7,,2026-08-28 16:36:59,-116.69000000000051,-127.39000000000034,BUY,2026-08-28
3721469,11048946,2026-08-28 16:40:55,1787935255349,0,0,26011001,11048946,3,0.01,4568.58,0.0,0.0,0.0,0.0,XAUUSD.u,STR B4,,2026-08-28 16:40:55,-112.13000000000011,-122.82999999999993,BUY,2026-08-28
3716470,11043278,2026-08-28 16:06:52,1787933212097,0,0,26011001,11043278,3,0.01,4559.91,0.0,0.0,0.0,0.0,XAUUSD.u,STR B1,,2026-08-28 16:06:52,-103.46000000000004,-114.15999999999985,BUY,2026-08-28
3719623,11046965,2026-08-28 16:25:00,1787934300838,0,0,26011001,11046965,3,0.01,4558.35,0.0,0.0,0.0,0.0,XAUUSD.u,STR B6,,2026-08-28 16:25:00,-101.90000000000055,-112.60000000000036,BUY,2026-08-28
3719609,11046962,2026-08-28 16:24:58,1787934298025,0,0,26011001,11046962,3,0.01,4556.83,0.0,0.0,0.0,0.0,XAUUSD.u,STR B5,,2026-08-28 16:24:58,-100.38000000000011,-111.07999999999993,BUY,2026-08-28
3719575,11046960,2026-08-28 16:24:41,1787934281778,0,0,26011001,11046960,3,0.01,4555.31,0.0,0.0,0.0,0.0,XAUUSD.u,STR B4,,2026-08-28 16:24:41,-98.86000000000058,-109.56000000000041,BUY,2026-08-28
3719565,11046956,2026-08-28 16:24:35,1787934275213,0,0,26011001,11046956,3,0.01,4553.79,0.0,0.0,0.0,0.0,XAUUSD.u,STR B3,,2026-08-28 16:24:35,-97.34000000000015,-108.03999999999996,BUY,2026-08-28
3718044,11045175,2026-08-28 16:13:56,1787933636915,0,0,26011001,11045175,3,0.01,4551.16,0.0,0.0,0.0,0.0,XAUUSD.u,STR B2,,2026-08-28 16:13:56,-94.71000000000004,-105.40999999999985,BUY,2026-08-28
3727244,11054988,2026-08-28 17:47:30,1787939250411,0,0,26011001,11054988,3,0.01,4545.47,0.0,0.0,0.0,0.0,XAUUSD.u,STR B6,,2026-08-28 17:47:30,-89.02000000000044,-99.72000000000025,BUY,2026-08-28
3727230,11054985,2026-08-28 17:47:14,1787939234167,0,0,26011001,11054985,3,0.01,4543.96,0.0,0.0,0.0,0.0,XAUUSD.u,STR B5,,2026-08-28 17:47:14,-87.51000000000022,-98.21000000000004,BUY,2026-08-28
3728685,11056544,2026-08-28 18:03:01,1787940181847,0,0,26011001,11056544,3,0.01,4529.07,0.0,0.0,0.0,0.0,XAUUSD.u,STR B4,,2026-08-28 18:03:01,-72.61999999999989,-83.31999999999971,BUY,2026-08-28
3728570,11056542,2026-08-28 18:00:51,1787940051244,0,0,26011001,11056542,3,0.01,4527.56,0.0,0.0,0.0,0.0,XAUUSD.u,STR B3,,2026-08-28 18:00:51,-71.11000000000058,-81.8100000000004,BUY,2026-08-28
3737382,11064785,2026-08-28 20:43:26,1787949806667,1,0,26011001,11064785,3,0.06,4445.75,0.0,0.0,0.0,0.0,XAUUSD.u,STR S7,,2026-08-28 20:43:26,-64.19999999999891,-0.0,SELL,2026-08-28
3738988,11064784,2026-08-28 21:39:29,1787953169884,0,0,26011001,11064784,3,0.06,4466.61,0.0,0.0,0.0,0.0,XAUUSD.u,STR B7,,2026-08-28 21:39:29,-60.95999999999913,-125.15999999999804,BUY,2026-08-28
3729614,11057288,2026-08-28 18:12:20,1787940740325,0,0,26011001,11057288,3,0.01,4515.86,0.0,0.0,0.0,0.0,XAUUSD.u,STR B4,,2026-08-28 18:12:20,-59.409999999999854,-70.10999999999967,BUY,2026-08-28
3729603,11057285,2026-08-28 18:12:12,1787940732662,0,0,26011001,11057285,3,0.01,4514.36,0.0,0.0,0.0,0.0,XAUUSD.u,STR B3,,2026-08-28 18:12:12,-57.90999999999985,-68.60999999999967,BUY,2026-08-28
3730468,11058409,2026-08-28 18:19:28,1787941168550,0,0,26011001,11058409,3,0.01,4488.84,0.0,0.0,0.0,0.0,XAUUSD.u,STR B2,,2026-08-28 18:19:28,-32.39000000000033,-43.090000000000146,BUY,2026-08-28
3731638,11059731,2026-08-28 18:31:12,1787941872842,0,0,26011001,11059731,3,0.01,4486.83,0.0,0.0,0.0,0.0,XAUUSD.u,STR B3,,2026-08-28 18:31:12,-30.380000000000113,-41.07999999999993,BUY,2026-08-28
3731009,11058934,2026-08-28 18:23:57,1787941437305,0,0,26011001,11058934,3,0.01,4478.94,0.0,0.0,0.0,0.0,XAUUSD.u,STR B5,,2026-08-28 18:23:57,-22.48999999999978,-33.1899999999996,BUY,2026-08-28
3731000,11058932,2026-08-28 18:23:52,1787941432822,0,0,26011001,11058932,3,0.01,4477.45,0.0,0.0,0.0,0.0,XAUUSD.u,STR B4,,2026-08-28 18:23:52,-21.0,-31.699999999999818,BUY,2026-08-28
3730988,11058929,2026-08-28 18:23:39,1787941419629,0,0,26011001,11058929,3,0.01,4475.96,0.0,0.0,0.0,0.0,XAUUSD.u,STR B3,,2026-08-28 18:23:39,-19.51000000000022,-30.210000000000036,BUY,2026-08-28
3737322,11064783,2026-08-28 20:42:40,1787949760051,1,0,26011001,11064783,3,0.01,4447.24,0.0,0.0,0.0,0.0,XAUUSD.u,STR S6,,2026-08-28 20:42:40,-9.210000000000036,1.4899999999997817,SELL,2026-08-28
3738955,11064782,2026-08-28 21:38:00,1787953080322,0,0,26011001,11064782,3,0.01,4465.12,0.0,0.0,0.0,0.0,XAUUSD.u,STR B6,,2026-08-28 21:38:00,-8.670000000000073,-19.36999999999989,BUY,2026-08-28
3737547,11067174,2026-08-28 20:47:02,1787950022479,1,0,26011001,11067174,3,0.01,4448.73,0.0,0.0,0.0,0.0,XAUUSD.u,STR S5,,2026-08-28 20:47:02,-7.720000000000255,2.9799999999995634,SELL,2026-08-28
3737529,11067485,2026-08-28 20:46:45,1787950005182,1,0,26011001,11067485,3,0.01,4450.22,0.0,0.0,0.0,0.0,XAUUSD.u,STR S4,,2026-08-28 20:46:45,-6.229999999999563,4.470000000000255,SELL,2026-08-28
3739438,11072211,2026-08-28 22:03:09,1787954589273,0,0,26011001,11072211,3,0.01,4462.22,0.0,0.0,0.0,0.0,XAUUSD.u,STR B2,,2026-08-28 22:03:09,-5.770000000000437,-16.470000000000255,BUY,2026-08-28
3739356,11072209,2026-08-28 21:57:00,1787954220000,0,0,26011001,11072209,3,0.01,4460.73,0.0,0.0,0.0,0.0,XAUUSD.u,STR B1,,2026-08-28 21:57:00,-4.279999999999745,-14.979999999999563,BUY,2026-08-28
3739675,11072216,2026-08-28 22:56:18,1787957778955,1,0,26011001,11072216,3,0.01,4453.28,0.0,0.0,0.0,0.0,XAUUSD.u,STR S4,,2026-08-28 22:56:18,-3.1700000000000728,7.529999999999745,SELL,2026-08-28
3739538,11072214,2026-08-28 22:22:57,1787955777873,1,0,26011001,11072214,3,0.01,4454.77,0.0,0.0,0.0,0.0,XAUUSD.u,STR S3,,2026-08-28 22:22:57,-1.6799999999993815,9.020000000000437,SELL,2026-08-28
3739413,11072212,2026-08-28 22:00:05,1787954405828,1,0,26011001,11072212,3,0.01,4456.26,0.0,0.0,0.0,0.0,XAUUSD.u,STR S2,,2026-08-28 22:00:05,-0.18999999999959982,10.510000000000218,SELL,2026-08-28
3347105,0,2026-08-21 12:48:18,1787316498147,2,0,0,0,0,0.0,0.0,0.0,0.0,1000.0,0.0,,Deposit from #USDT TRC20,,2026-08-21 12:48:18,-0.0,-0.0,SELL,2026-08-21
3730870,11058933,2026-08-28 18:22:39,1787941359657,1,0,26011001,11058933,3,0.01,4465.53,0.0,0.0,0.0,0.0,XAUUSD.u,STR S4,,2026-08-28 18:22:39,9.079999999999927,19.779999999999745,SELL,2026-08-28
3730850,11058930,2026-08-28 18:22:37,1787941357042,1,0,26011001,11058930,3,0.01,4467.02,0.0,0.0,0.0,0.0,XAUUSD.u,STR S3,,2026-08-28 18:22:37,10.570000000000618,21.270000000000437,SELL,2026-08-28
3730841,11058928,2026-08-28 18:22:35,1787941355742,1,0,26011001,11058928,3,0.01,4468.51,0.0,0.0,0.0,0.0,XAUUSD.u,STR S2,,2026-08-28 18:22:35,12.0600000000004,22.76000000000022,SELL,2026-08-28
3731152,11059290,2026-08-28 18:25:27,1787941527013,1,0,26011001,11059290,3,0.01,4470.0,0.0,0.0,0.0,0.0,XAUUSD.u,STR S1,,2026-08-28 18:25:27,13.550000000000182,24.25,SELL,2026-08-28
3732392,11059746,2026-08-28 18:44:43,1787942683778,1,0,26011001,11059746,3,0.06,4467.46,0.0,0.0,0.0,0.0,XAUUSD.u,STR S10,,2026-08-28 18:44:43,66.06000000000131,130.26000000000022,SELL,2026-08-28
3732370,11059744,2026-08-28 18:44:18,1787942658743,1,0,26011001,11059744,3,0.06,4468.95,0.0,0.0,0.0,0.0,XAUUSD.u,STR S9,,2026-08-28 18:44:18,75.0,139.1999999999989,SELL,2026-08-28
3727419,11054980,2026-08-28 17:49:11,1787939351338,1,0,26011001,11054980,3,0.01,4531.88,0.0,0.0,0.0,0.0,XAUUSD.u,STR S3,,2026-08-28 17:49:11,75.43000000000029,86.13000000000011,SELL,2026-08-28
3727379,11054977,2026-08-28 17:48:43,1787939323675,1,0,26011001,11054977,3,0.01,4533.39,0.0,0.0,0.0,0.0,XAUUSD.u,STR S2,,2026-08-28 17:48:43,76.94000000000051,87.64000000000033,SELL,2026-08-28
3718009,11045176,2026-08-28 16:13:45,1787933625773,1,0,26011001,11045176,3,0.01,4545.08,0.0,0.0,0.0,0.0,XAUUSD.u,STR S2,,2026-08-28 16:13:45,88.63000000000011,99.32999999999993,SELL,2026-08-28
3717982,11045174,2026-08-28 16:13:37,1787933617689,1,0,26011001,11045174,3,0.01,4546.6,0.0,0.0,0.0,0.0,XAUUSD.u,STR S1,,2026-08-28 16:13:37,90.15000000000055,100.85000000000038,SELL,2026-08-28
3716395,11043290,2026-08-28 16:06:34,1787933194900,1,0,26011001,11043290,3,0.01,4549.27,0.0,0.0,0.0,0.0,XAUUSD.u,STR S6,,2026-08-28 16:06:34,92.82000000000062,103.52000000000044,SELL,2026-08-28
3716389,11043288,2026-08-28 16:06:34,1787933194820,1,0,26011001,11043288,3,0.01,4550.79,0.0,0.0,0.0,0.0,XAUUSD.u,STR S5,,2026-08-28 16:06:34,94.34000000000015,105.03999999999995,SELL,2026-08-28
3724950,11052251,2026-08-28 17:21:48,1787937708344,1,0,26011001,11052251,3,0.01,4551.7,0.0,0.0,0.0,0.0,XAUUSD.u,STR S6,,2026-08-28 17:21:48,95.25,105.94999999999982,SELL,2026-08-28
3716549,11043555,2026-08-28 16:07:08,1787933228429,1,0,26011001,11043555,3,0.01,4552.31,0.0,0.0,0.0,0.0,XAUUSD.u,STR S4,,2026-08-28 16:07:08,95.86000000000058,106.56000000000041,SELL,2026-08-28
3716379,11043286,2026-08-28 16:06:33,1787933193776,1,0,26011001,11043286,3,0.01,4552.31,0.0,0.0,0.0,0.0,XAUUSD.u,STR S4,,2026-08-28 16:06:33,95.86000000000058,106.56000000000041,SELL,2026-08-28
3722647,11050310,2026-08-28 16:50:59,1787935859234,1,0,26011001,11050310,3,0.01,4552.63,0.0,0.0,0.0,0.0,XAUUSD.u,STR S2,,2026-08-28 16:50:59,96.1800000000003,106.88000000000011,SELL,2026-08-28
3724929,11052249,2026-08-28 17:21:45,1787937705059,1,0,26011001,11052249,3,0.01,4553.22,0.0,0.0,0.0,0.0,XAUUSD.u,STR S5,,2026-08-28 17:21:45,96.77000000000044,107.47000000000027,SELL,2026-08-28
3716364,11043283,2026-08-28 16:06:33,1787933193266,1,0,26011001,11043283,3,0.01,4553.83,0.0,0.0,0.0,0.0,XAUUSD.u,STR S3,,2026-08-28 16:06:33,97.38000000000011,108.07999999999993,SELL,2026-08-28
3716522,11043554,2026-08-28 16:07:05,1787933225205,1,0,26011001,11043554,3,0.01,4553.83,0.0,0.0,0.0,0.0,XAUUSD.u,STR S3,,2026-08-28 16:07:05,97.38000000000011,108.07999999999993,SELL,2026-08-28
3716303,11043281,2026-08-28 16:06:13,1787933173640,1,0,26011001,11043281,3,0.01,4555.35,0.0,0.0,0.0,0.0,XAUUSD.u,STR S2,,2026-08-28 16:06:13,98.90000000000055,109.60000000000036,SELL,2026-08-28
3716281,11043279,2026-08-28 16:06:04,1787933164490,1,0,26011001,11043279,3,0.01,4556.87,0.0,0.0,0.0,0.0,XAUUSD.u,STR S1,,2026-08-28 16:06:04,100.42000000000006,111.11999999999989,SELL,2026-08-28
3720776,11048191,2026-08-28 16:32:49,1787934769478,1,0,26011001,11048191,3,0.01,4557.94,0.0,0.0,0.0,0.0,XAUUSD.u,STR S3,,2026-08-28 16:32:49,101.4899999999998,112.18999999999961,SELL,2026-08-28
3720628,11048187,2026-08-28 16:31:19,1787934679163,1,0,26011001,11048187,3,0.01,4559.46,0.0,0.0,0.0,0.0,XAUUSD.u,STR S2,,2026-08-28 16:31:19,103.01000000000022,113.71000000000005,SELL,2026-08-28
3351085,9533707,2026-08-21 14:39:57,1787323197738,1,0,26011001,9533707,3,0.01,4564.53,0.0,0.0,0.0,0.0,XAUUSD.u,STR S4,,2026-08-21 14:39:57,108.07999999999993,118.77999999999975,SELL,2026-08-21
3351038,9533702,2026-08-21 14:39:26,1787323166719,1,0,26011001,9533702,3,0.01,4566.05,0.0,0.0,0.0,0.0,XAUUSD.u,STR S3,,2026-08-21 14:39:26,109.60000000000036,120.30000000000018,SELL,2026-08-21
3351154,9534176,2026-08-21 14:40:47,1787323247240,1,0,26011001,9534176,3,0.01,4567.57,0.0,0.0,0.0,0.0,XAUUSD.u,STR S2,,2026-08-21 14:40:47,111.11999999999989,121.81999999999971,SELL,2026-08-21
3716966,11044018,2026-08-28 16:08:55,1787933335372,1,0,26011001,11044018,3,0.01,4572.07,0.0,0.0,0.0,0.0,XAUUSD.u,STR S1,,2026-08-28 16:08:55,115.6199999999999,126.31999999999972,SELL,2026-08-28
3655199,10978065,2026-08-27 15:40:54,1787845254397,1,0,26011001,10978065,3,0.01,4573.76,0.0,0.0,0.0,0.0,XAUUSD.u,STR S3,,2026-08-27 15:40:54,117.3100000000004,128.01000000000022,SELL,2026-08-27
3643695,10810907,2026-08-27 12:10:03,1787832603936,1,0,26011001,10810907,3,0.01,4577.04,0.0,0.0,0.0,0.0,XAUUSD.u,STR S3,,2026-08-27 12:10:03,120.59000000000015,131.28999999999996,SELL,2026-08-27
3652541,10975681,2026-08-27 15:00:46,1787842846085,1,0,26011001,10975681,3,0.01,4580.71,0.0,0.0,0.0,0.0,XAUUSD.u,STR S2,,2026-08-27 15:00:46,124.26000000000022,134.96000000000004,SELL,2026-08-27
3659132,10982820,2026-08-27 16:31:00,1787848260615,1,0,26011001,10982820,3,0.01,4582.7,0.0,0.0,0.0,0.0,XAUUSD.u,STR S1,,2026-08-27 16:31:00,126.25,136.94999999999982,SELL,2026-08-27
3715132,11041906,2026-08-28 16:02:25,1787932945467,1,0,26011001,11041906,3,0.01,4587.53,0.0,0.0,0.0,0.0,XAUUSD.u,STR S6,,2026-08-28 16:02:25,131.07999999999993,141.77999999999975,SELL,2026-08-28
3715092,11041904,2026-08-28 16:02:23,1787932943403,1,0,26011001,11041904,3,0.01,4589.06,0.0,0.0,0.0,0.0,XAUUSD.u,STR S5,,2026-08-28 16:02:23,132.61000000000058,143.3100000000004,SELL,2026-08-28
3661856,10984961,2026-08-27 17:25:12,1787851512759,1,0,26011001,10984961,3,0.01,4589.14,0.0,0.0,0.0,0.0,XAUUSD.u,STR S3,,2026-08-27 17:25:12,132.6900000000005,143.39000000000033,SELL,2026-08-27
3347652,9525737,2026-08-21 13:12:25,1787317945331,1,0,26011001,9525737,3,0.01,4589.55,0.0,0.0,0.0,0.0,XAUUSD.u,STR S1,,2026-08-21 13:12:25,133.10000000000036,143.80000000000018,SELL,2026-08-21
3715338,11042217,2026-08-28 16:02:52,1787932972614,1,0,26011001,11042217,3,0.01,4590.59,0.0,0.0,0.0,0.0,XAUUSD.u,STR S4,,2026-08-28 16:02:52,134.14000000000033,144.84000000000015,SELL,2026-08-28
3661783,10984959,2026-08-27 17:23:05,1787851385788,1,0,26011001,10984959,3,0.01,4590.67,0.0,0.0,0.0,0.0,XAUUSD.u,STR S2,,2026-08-27 17:23:05,134.22000000000025,144.92000000000007,SELL,2026-08-27
3711477,11037675,2026-08-28 15:32:01,1787931121333,1,0,26011001,11037675,3,0.01,4599.42,0.0,0.0,0.0,0.0,XAUUSD.u,STR S1,,2026-08-28 15:32:01,142.97000000000025,153.67000000000007,SELL,2026-08-28
3694643,11020005,2026-08-28 09:15:54,1787908554278,1,0,26011001,11020005,3,0.01,4600.21,0.0,0.0,0.0,0.0,XAUUSD.u,STR S2,,2026-08-28 09:15:54,143.76000000000022,154.46000000000004,SELL,2026-08-28
3360263,9546948,2026-08-21 17:25:48,1787333148868,1,0,26011001,9546948,3,0.01,4600.95,0.0,0.0,0.0,0.0,XAUUSD.u,STR S3,,2026-08-21 17:25:48,144.5,155.19999999999982,SELL,2026-08-21
3711916,11038446,2026-08-28 15:38:01,1787931481202,1,0,26011001,11038446,3,0.01,4601.15,0.0,0.0,0.0,0.0,XAUUSD.u,STR S3,,2026-08-28 15:38:01,144.69999999999982,155.39999999999964,SELL,2026-08-28
3697945,11023947,2026-08-28 10:46:13,1787913973527,1,0,26011001,11023947,3,0.01,4601.74,0.0,0.0,0.0,0.0,XAUUSD.u,STR S2,,2026-08-28 10:46:13,145.28999999999996,155.98999999999978,SELL,2026-08-28
3360257,9546946,2026-08-21 17:25:44,1787333144738,1,0,26011001,9546946,3,0.01,4602.49,0.0,0.0,0.0,0.0,XAUUSD.u,STR S2,,2026-08-21 17:25:44,146.03999999999996,156.73999999999978,SELL,2026-08-21
3711865,11038444,2026-08-28 15:37:39,1787931459562,1,0,26011001,11038444,3,0.01,4602.69,0.0,0.0,0.0,0.0,XAUUSD.u,STR S2,,2026-08-28 15:37:39,146.23999999999978,156.9399999999996,SELL,2026-08-28
3511768,9706532,2026-08-25 15:47:33,1787672853567,1,0,26011001,9706532,3,0.01,4607.78,0.0,0.0,0.0,0.0,XAUUSD.u,STR S5,,2026-08-25 15:47:33,151.32999999999993,162.02999999999975,SELL,2026-08-25
3488842,9683181,2026-08-25 10:11:27,1787652687727,1,0,26011001,9683181,3,0.01,4624.98,0.0,0.0,0.0,0.0,XAUUSD.u,STR S10,,2026-08-25 10:11:27,168.52999999999975,179.22999999999956,SELL,2026-08-25
3489077,9683429,2026-08-25 10:15:00,1787652900164,1,0,26011001,9683429,3,0.01,4626.53,0.0,0.0,0.0,0.0,XAUUSD.u,STR S9,,2026-08-25 10:15:00,170.07999999999993,180.77999999999975,SELL,2026-08-25
3494644,9688949,2026-08-25 11:34:02,1787657642972,1,0,26011001,9688949,3,0.01,4629.63,0.0,0.0,0.0,0.0,XAUUSD.u,STR S7,,2026-08-25 11:34:02,173.1800000000003,183.8800000000001,SELL,2026-08-25
3406100,9586865,2026-08-24 07:34:19,1787556859939,1,0,26011001,9586865,3,0.01,4629.88,0.0,0.0,0.0,0.0,XAUUSD.u,STR S4,,2026-08-24 07:34:19,173.4300000000003,184.1300000000001,SELL,2026-08-24
3405726,9586863,2026-08-24 07:30:01,1787556601746,1,0,26011001,9586863,3,0.01,4631.43,0.0,0.0,0.0,0.0,XAUUSD.u,STR S3,,2026-08-24 07:30:01,174.98000000000047,185.6800000000003,SELL,2026-08-24
3406150,9591099,2026-08-24 07:35:01,1787556901152,1,0,26011001,9591099,3,0.01,4632.98,0.0,0.0,0.0,0.0,XAUUSD.u,STR S2,,2026-08-24 07:35:01,176.52999999999975,187.22999999999956,SELL,2026-08-24
3498661,9693268,2026-08-25 12:40:09,1787661609555,1,0,26011001,9693268,3,0.01,4638.93,0.0,0.0,0.0,0.0,XAUUSD.u,STR S1,,2026-08-25 12:40:09,182.48000000000047,193.1800000000003,SELL,2026-08-25
3729990,11058046,2026-08-28 18:15:00,1787940900249,1,0,26011001,11058046,3,0.06,4497.86,0.0,0.0,0.0,0.0,XAUUSD.u,STR S8,,2026-08-28 18:15:00,248.4599999999991,312.65999999999804,SELL,2026-08-28
3729954,11057302,2026-08-28 18:14:32,1787940872902,1,0,26011001,11057302,3,0.06,4497.86,0.0,0.0,0.0,0.0,XAUUSD.u,STR S8,,2026-08-28 18:14:32,248.4599999999991,312.65999999999804,SELL,2026-08-28
3643114,10759836,2026-08-27 12:02:54,1787832174669,1,0,26011001,10759836,3,0.04,4570.92,0.0,0.0,0.0,0.0,XAUUSD.u,STR S7,,2026-08-27 12:02:54,457.880000000001,500.6800000000003,SELL,2026-08-27
3689363,11008622,2026-08-28 07:43:00,1787902980707,1,0,26011001,11008622,3,0.04,4573.52,0.0,0.0,0.0,0.0,XAUUSD.u,STR S7,,2026-08-28 07:43:00,468.28000000000253,511.0800000000018,SELL,2026-08-28
3726875,11054619,2026-08-28 17:41:25,1787938885593,1,0,26011001,11054619,3,0.06,4537.12,0.0,0.0,0.0,0.0,XAUUSD.u,STR S7,,2026-08-28 17:41:25,484.0200000000004,548.2199999999993,SELL,2026-08-28
3715196,11041915,2026-08-28 16:02:28,1787932948345,1,0,26011001,11041915,3,0.04,4581.41,0.0,0.0,0.0,0.0,XAUUSD.u,STR S10,,2026-08-28 16:02:28,499.8400000000002,542.6399999999994,SELL,2026-08-28
3715189,11041913,2026-08-28 16:02:28,1787932948228,1,0,26011001,11041913,3,0.04,4582.94,0.0,0.0,0.0,0.0,XAUUSD.u,STR S9,,2026-08-28 16:02:28,505.9599999999992,548.7599999999984,SELL,2026-08-28
3596086,9975552,2026-08-26 17:16:32,1787764592228,1,0,26011001,9975552,3,0.04,4584.45,0.0,0.0,0.0,0.0,XAUUSD.u,STR S20,,2026-08-26 17:16:32,512.0,554.7999999999993,SELL,2026-08-26
3715172,11041910,2026-08-28 16:02:27,1787932947358,1,0,26011001,11041910,3,0.04,4584.47,0.0,0.0,0.0,0.0,XAUUSD.u,STR S8,,2026-08-28 16:02:27,512.0800000000017,554.880000000001,SELL,2026-08-28
3596065,9975549,2026-08-26 17:16:29,1787764589514,1,0,26011001,9975549,3,0.04,4585.99,0.0,0.0,0.0,0.0,XAUUSD.u,STR S19,,2026-08-26 17:16:29,518.1599999999999,560.9599999999991,SELL,2026-08-26
3715156,11041908,2026-08-28 16:02:25,1787932945759,1,0,26011001,11041908,3,0.04,4586.0,0.0,0.0,0.0,0.0,XAUUSD.u,STR S7,,2026-08-28 16:02:25,518.2000000000007,561.0,SELL,2026-08-28
3694381,11018673,2026-08-28 09:10:43,1787908243724,1,0,26011001,11018673,3,0.04,4597.33,0.0,0.0,0.0,0.0,XAUUSD.u,STR S9,,2026-08-28 09:10:43,563.5200000000004,606.3199999999997,SELL,2026-08-28
3694365,11018671,2026-08-28 09:10:37,1787908237315,1,0,26011001,11018671,3,0.04,4598.87,0.0,0.0,0.0,0.0,XAUUSD.u,STR S8,,2026-08-28 09:10:37,569.6800000000003,612.4799999999996,SELL,2026-08-28
3394584,9548625,2026-08-24 02:27:19,1787538439526,1,0,26011001,9548625,3,0.05,4596.02,0.0,0.0,0.0,0.0,XAUUSD.u,STR S14,,2026-08-24 02:27:19,697.8500000000031,751.3500000000022,SELL,2026-08-24
3394562,9548623,2026-08-24 02:26:56,1787538416455,1,0,26011001,9548623,3,0.05,4597.56,0.0,0.0,0.0,0.0,XAUUSD.u,STR S13,,2026-08-24 02:26:56,705.5500000000029,759.050000000002,SELL,2026-08-24
3470287,9661611,2026-08-25 04:51:37,1787633497199,1,0,26011001,9661611,3,0.06,4618.68,0.0,0.0,0.0,0.0,XAUUSD.u,STR S15,,2026-08-25 04:51:37,973.3800000000028,1037.5800000000017,SELL,2026-08-25
3470258,9661607,2026-08-25 04:51:36,1787633496501,1,0,26011001,9661607,3,0.06,4621.78,0.0,0.0,0.0,0.0,XAUUSD.u,STR S13,,2026-08-25 04:51:36,991.9799999999996,1056.1799999999985,SELL,2026-08-25
3470330,9664441,2026-08-25 04:51:52,1787633512253,1,0,26011001,9664441,3,0.06,4623.33,0.0,0.0,0.0,0.0,XAUUSD.u,STR S12,,2026-08-25 04:51:52,1001.2800000000005,1065.4799999999996,SELL,2026-08-25
