start,end,levels_per_side,anchor,step,first_gap,initial_order_count,profile_hint
2026-06-23 16:17:27.956000,2026-06-23 16:17:38.182000,50,4136.94,1.1,2.2,100,HISTORICAL_50
2026-06-23 20:47:08.133000,2026-06-23 20:47:17.892000,50,4113.47,0.87,1.74,100,HISTORICAL_50
2026-06-23 21:01:56.446000,2026-06-23 21:02:06.335000,50,4121.59,0.84,1.68,100,HISTORICAL_50
2026-06-24 00:34:33.997000,2026-06-24 00:34:43.780000,50,4098.57,0.78,1.56,100,HISTORICAL_50
2026-06-24 03:04:09.187000,2026-06-24 03:04:19.900000,50,4072.36,1.07,2.14,100,HISTORICAL_50
2026-06-24 03:12:28.155000,2026-06-24 03:12:38.863000,50,4089.72,1.09,2.18,100,HISTORICAL_50
2026-06-24 04:43:46.125000,2026-06-24 04:43:56.899000,50,4054.42,1.29,2.58,100,HISTORICAL_50
2026-06-24 04:55:02.118000,2026-06-24 04:55:12.863000,50,4064.92,1.32,2.64,100,HISTORICAL_50
2026-06-24 13:26:31.197000,2026-06-24 13:26:41.885000,50,4039.53,0.93,1.86,100,HISTORICAL_50
2026-06-24 13:39:08.352000,2026-06-24 13:39:19.096000,50,4049.79,0.95,1.9,100,HISTORICAL_50
2026-06-24 16:19:15.247000,2026-06-24 16:19:25.930000,50,4016.0,1.68,3.36,100,HISTORICAL_50
2026-06-24 21:10:22.166000,2026-06-24 21:10:32.874000,50,3976.36,1.21,2.42,100,HISTORICAL_50
2026-06-24 21:54:58.186000,2026-06-24 21:55:09.312000,50,3990.72,1.16,2.32,100,HISTORICAL_50
2026-06-25 01:35:47.183000,2026-06-25 01:35:57.895000,50,4013.67,0.95,1.9,100,HISTORICAL_50
2026-06-25 02:35:17.207000,2026-06-25 02:35:27.924000,50,3986.46,0.94,1.88,100,HISTORICAL_50
2026-06-25 03:21:07.143000,2026-06-25 03:21:17.818000,50,3998.78,1.15,2.3,100,HISTORICAL_50
2026-06-25 03:33:54.169000,2026-06-25 03:34:05.258000,50,3987.0,1.16,2.32,100,HISTORICAL_50
2026-06-25 03:54:56.158000,2026-06-25 03:55:07.010000,50,3979.71,1.24,2.48,100,HISTORICAL_50
2026-06-25 08:05:32.189000,2026-06-25 08:05:43.004000,50,3986.23,1.15,2.3,100,HISTORICAL_50
2026-06-25 08:16:55.318000,2026-06-25 08:17:06.198000,50,3977.0,1.14,2.28,100,HISTORICAL_50
2026-06-25 09:32:25.180000,2026-06-25 09:32:35.989000,50,3989.25,1.03,2.06,100,HISTORICAL_50
2026-06-25 09:40:12.156000,2026-06-25 09:40:22.868000,50,3978.71,1.05,2.1,100,HISTORICAL_50
2026-06-25 10:21:00.279000,2026-06-25 10:21:10.264000,50,3997.05,1.13,2.26,100,HISTORICAL_50
2026-06-25 13:37:09.150000,2026-06-25 13:37:19.077000,50,3975.23,0.87,1.74,100,HISTORICAL_50
2026-06-25 13:40:57.493000,2026-06-25 13:41:07.491000,50,3984.58,0.88,1.76,100,HISTORICAL_50
2026-06-25 14:30:27.188000,2026-06-25 14:30:37.217000,50,4002.22,0.89,1.78,100,HISTORICAL_50
2026-06-25 15:21:11.263000,2026-06-25 15:21:21.286000,50,4027.51,1.04,2.08,100,HISTORICAL_50
2026-06-25 15:40:52.233000,2026-06-25 15:41:02.560000,50,4018.13,1.09,2.18,100,HISTORICAL_50
2026-06-25 17:12:50.178000,2026-06-25 17:13:00.195000,50,4005.9,1.34,2.68,100,HISTORICAL_50
2026-06-25 17:21:53.356000,2026-06-25 17:22:03.512000,50,4023.67,1.39,2.78,100,HISTORICAL_50
2026-06-25 17:23:41.123000,2026-06-25 17:23:51.078000,50,4034.84,1.46,2.92,100,HISTORICAL_50
2026-06-25 22:02:07.345000,2026-06-25 22:02:17.372000,50,4034.25,0.94,1.88,100,HISTORICAL_50
2026-06-25 22:41:36.371000,2026-06-25 22:41:46.296000,50,4025.19,0.91,1.82,100,HISTORICAL_50
2026-06-26 04:07:35.141000,2026-06-26 04:07:46.327000,50,4017.06,0.97,1.94,100,HISTORICAL_50
2026-06-26 04:20:12.183000,2026-06-26 04:20:23.254000,50,4009.71,0.97,1.94,100,HISTORICAL_50
2026-06-26 04:37:35.282000,2026-06-26 04:37:46.364000,50,3997.41,1.03,2.06,100,HISTORICAL_50
2026-06-26 04:54:45.199000,2026-06-26 04:54:56.292000,50,3985.18,1.06,2.12,100,HISTORICAL_50
2026-06-26 05:55:49.246000,2026-06-26 05:56:00.412000,50,4006.01,1.06,2.12,100,HISTORICAL_50
2026-06-26 08:22:17.132000,2026-06-26 08:22:27.881000,50,4020.16,0.95,1.9,100,HISTORICAL_50
2026-06-26 08:56:14.116000,2026-06-26 08:56:24.908000,50,4027.54,0.94,1.88,100,HISTORICAL_50
2026-06-26 09:27:41.356000,2026-06-26 09:27:52.056000,50,4034.73,0.95,1.9,100,HISTORICAL_50
2026-06-26 13:19:33.230000,2026-06-26 13:19:43.940000,50,4052.93,0.93,1.86,100,HISTORICAL_50
2026-06-26 14:42:48.134000,2026-06-26 14:42:59.005000,50,4038.63,0.95,1.9,100,HISTORICAL_50
2026-06-26 14:58:04.211000,2026-06-26 14:58:15.046000,50,4054.67,0.97,1.94,100,HISTORICAL_50
2026-06-26 15:57:40.216000,2026-06-26 15:57:51.122000,50,4076.29,1.17,2.34,100,HISTORICAL_50
2026-06-26 22:55:49.395000,2026-06-26 22:56:00.298000,50,4085.62,0.82,1.64,100,HISTORICAL_50
2026-06-29 00:14:49.726000,2026-06-29 00:15:00.715000,50,4071.23,0.89,1.78,100,HISTORICAL_50
2026-06-29 00:18:46.460000,2026-06-29 00:18:56.377000,50,4054.29,0.94,1.88,100,HISTORICAL_50
2026-06-29 00:40:37.435000,2026-06-29 00:40:47.280000,50,4063.31,0.95,1.9,100,HISTORICAL_50
2026-06-29 03:14:31.175000,2026-06-29 03:14:41.076000,50,4055.08,1.21,2.42,100,HISTORICAL_50
2026-06-29 04:01:17.460000,2026-06-29 04:01:27.311000,50,4066.1,1.1,2.2,100,HISTORICAL_50
2026-06-29 10:56:36.297000,2026-06-29 10:56:46.241000,50,4050.18,0.89,1.78,100,HISTORICAL_50
2026-06-29 11:57:49.098000,2026-06-29 11:57:59.039000,50,4027.46,0.95,1.9,100,HISTORICAL_50
2026-06-29 12:10:50.382000,2026-06-29 12:11:00.420000,50,4035.42,0.96,1.92,100,HISTORICAL_50
2026-06-29 16:55:46.455000,2026-06-29 16:55:56.383000,50,4028.1,1.18,2.36,100,HISTORICAL_50
2026-06-29 17:37:25.611000,2026-06-29 17:37:35.495000,50,4019.06,1.16,2.32,100,HISTORICAL_50
2026-06-29 18:50:24.273000,2026-06-29 18:50:34.159000,50,4027.67,1.1,2.2,100,HISTORICAL_50
2026-06-30 02:06:28.217000,2026-06-30 02:06:38.084000,50,4006.65,0.75,1.5,100,HISTORICAL_50
2026-06-30 02:57:09.206000,2026-06-30 02:57:19.103000,50,3983.06,0.87,1.74,100,HISTORICAL_50
2026-06-30 03:07:22.157000,2026-06-30 03:07:32.142000,50,3952.1,1.01,2.02,100,HISTORICAL_50
2026-06-30 03:18:40.179000,2026-06-30 03:18:50.228000,50,3969.0,1.12,2.24,100,HISTORICAL_50
2026-06-30 08:22:31.168000,2026-06-30 08:22:41.053000,50,3992.22,0.94,1.88,100,HISTORICAL_50
2026-06-30 08:24:43.185000,2026-06-30 08:24:53.097000,50,4000.44,0.99,1.98,100,HISTORICAL_50
2026-06-30 08:29:23.127000,2026-06-30 08:29:33.024000,50,4011.51,1.03,2.06,100,HISTORICAL_50
2026-06-30 08:32:39.151000,2026-06-30 08:32:49.043000,50,4024.23,1.06,2.12,100,HISTORICAL_50
2026-06-30 09:21:02.337000,2026-06-30 09:21:12.245000,50,4031.22,1.11,2.22,100,HISTORICAL_50
2026-06-30 10:41:16.152000,2026-06-30 10:41:26.072000,50,4015.66,1.11,2.22,100,HISTORICAL_50
2026-06-30 15:19:05.163000,2026-06-30 15:19:15.142000,50,4027.97,0.89,1.78,100,HISTORICAL_50
2026-06-30 17:36:51.186000,2026-06-30 17:37:01.309000,50,4028.08,1.22,2.44,100,HISTORICAL_50
2026-07-01 03:01:26.159000,2026-07-01 03:01:35.997000,50,3996.79,0.78,1.56,100,HISTORICAL_50
2026-07-01 03:05:19.152000,2026-07-01 03:05:29.051000,50,3986.39,0.82,1.64,100,HISTORICAL_50
2026-07-01 03:18:34.136000,2026-07-01 03:18:44.010000,50,3976.44,0.87,1.74,100,HISTORICAL_50
2026-07-01 03:21:19.244000,2026-07-01 03:21:29.141000,50,3983.59,0.87,1.74,100,HISTORICAL_50
2026-07-01 06:03:09.157000,2026-07-01 06:03:19.011000,50,3975.77,0.92,1.84,100,HISTORICAL_50
2026-07-01 09:07:43.184000,2026-07-01 09:07:53.059000,50,3962.69,0.86,1.72,100,HISTORICAL_50
2026-07-01 09:40:01.171000,2026-07-01 09:40:11.030000,50,3969.3,0.91,1.82,100,HISTORICAL_50
2026-07-01 10:16:14.194000,2026-07-01 10:16:24.036000,50,3977.5,0.92,1.84,100,HISTORICAL_50
2026-07-01 12:57:51.881000,2026-07-01 12:58:01.847000,50,3997.94,0.85,1.7,100,HISTORICAL_50
2026-07-01 13:07:19.337000,2026-07-01 13:07:29.400000,50,4008.9,0.86,1.72,100,HISTORICAL_50
2026-07-01 13:11:48.153000,2026-07-01 13:11:58.122000,50,4017.68,0.9,1.8,100,HISTORICAL_50
2026-07-01 15:17:45.529000,2026-07-01 15:18:01.271000,50,4030.81,1.04,2.08,100,HISTORICAL_50
2026-07-01 15:39:09.131000,2026-07-01 15:39:19.121000,50,4066.84,1.2,2.4,100,HISTORICAL_50
2026-07-01 15:40:33.099000,2026-07-01 15:40:43.003000,50,4075.62,1.25,2.5,100,HISTORICAL_50
2026-07-01 15:43:58.141000,2026-07-01 15:44:08.215000,50,4086.88,1.29,2.58,100,HISTORICAL_50
2026-07-01 15:47:03.157000,2026-07-01 15:47:13.127000,50,4090.79,1.4,2.8,100,HISTORICAL_50
2026-07-01 16:35:34.202000,2026-07-01 16:35:44.101000,50,4112.25,1.48,2.96,100,HISTORICAL_50
2026-07-01 16:43:01.103000,2026-07-01 16:43:11.018000,50,4095.82,1.49,2.98,100,HISTORICAL_50
2026-07-01 17:08:18.183000,2026-07-01 17:08:28.124000,50,4086.54,1.49,2.98,100,HISTORICAL_50
2026-07-01 21:45:56.179000,2026-07-01 21:46:10.709000,50,4052.25,0.78,1.56,100,HISTORICAL_50
2026-07-01 21:52:21.189000,2026-07-01 21:52:35.947000,50,4042.22,0.83,1.66,100,HISTORICAL_50
2026-07-01 21:57:44.758000,2026-07-01 21:57:59.242000,50,4035.73,0.85,1.7,100,HISTORICAL_50
2026-07-02 03:02:07.381000,2026-07-02 03:02:21.970000,50,4062.8,0.89,,99,HISTORICAL_50
2026-07-02 04:04:02.174000,2026-07-02 04:04:12.092000,50,4045.6,1.0,2.0,100,HISTORICAL_50
2026-07-02 05:27:39.170000,2026-07-02 05:27:49.119000,50,4065.18,1.05,2.1,100,HISTORICAL_50
2026-07-02 11:06:40.576000,2026-07-02 11:06:50.699000,50,4072.77,0.98,1.96,100,HISTORICAL_50
2026-07-02 12:45:30.736000,2026-07-02 12:45:40.826000,50,4063.27,0.89,1.78,100,HISTORICAL_50
2026-07-02 14:30:15.159000,2026-07-02 14:30:25.406000,50,4099.51,0.99,1.98,100,HISTORICAL_50
2026-07-02 14:32:54.183000,2026-07-02 14:33:04.324000,50,4119.67,1.1,,99,HISTORICAL_50
2026-07-02 14:33:30.170000,2026-07-02 14:33:40.335000,50,4115.13,1.1,2.2,100,HISTORICAL_50
2026-07-02 14:36:25.132000,2026-07-02 14:36:35.293000,50,4132.78,1.15,2.3,100,HISTORICAL_50
2026-07-02 15:18:37.161000,2026-07-02 15:18:47.300000,50,4116.06,1.27,2.54,100,HISTORICAL_50
2026-07-02 15:24:57.125000,2026-07-02 15:25:09.900000,60,4113.96,0.64,,119,HISTORICAL_60
2026-07-02 15:43:43.114000,2026-07-02 15:43:55.240000,60,4136.91,0.7,,119,HISTORICAL_60
2026-07-02 16:28:09.150000,2026-07-02 16:28:21.316000,60,4116.85,0.77,1.54,120,HISTORICAL_60
2026-07-02 16:50:30.147000,2026-07-02 16:50:42.412000,60,4124.72,0.78,1.56,120,HISTORICAL_60
2026-07-02 18:30:51.253000,2026-07-02 18:31:05.480000,60,4108.79,0.62,1.24,120,HISTORICAL_60
2026-07-02 21:52:35.526000,2026-07-02 21:53:00.356000,60,4120.67,0.46,0.92,120,HISTORICAL_60
2026-07-03 02:04:40.299000,2026-07-03 02:05:01.273000,60,4132.31,0.4,0.8,120,HISTORICAL_60
2026-07-03 03:03:41.163000,2026-07-03 03:03:53.335000,60,4158.5,0.44,,119,HISTORICAL_60
2026-07-03 03:35:24.372000,2026-07-03 03:35:36.453000,60,4195.04,0.54,,119,HISTORICAL_60
2026-07-03 03:37:43.170000,2026-07-03 03:38:01.383000,60,4186.53,0.54,1.08,120,HISTORICAL_60
2026-07-03 04:02:25.159000,2026-07-03 04:02:37.037000,60,4177.27,0.57,,119,HISTORICAL_60
2026-07-03 04:57:07.377000,2026-07-03 04:57:20.352000,60,4185.64,0.59,1.18,120,HISTORICAL_60
2026-07-03 07:22:51.166000,2026-07-03 07:23:03.302000,60,4173.52,0.38,,119,HISTORICAL_60
2026-07-03 08:15:22.157000,2026-07-03 08:15:34.162000,60,4161.66,0.38,,119,HISTORICAL_60
2026-07-03 08:47:08.158000,2026-07-03 08:47:20.056000,60,4172.55,0.39,,118,HISTORICAL_60
2026-07-03 10:00:27.168000,2026-07-03 10:00:39.046000,60,4180.75,0.42,,118,HISTORICAL_60
2026-07-03 10:46:01.152000,2026-07-03 10:46:13.086000,60,4184.19,0.42,,119,HISTORICAL_60
2026-07-03 11:10:24.157000,2026-07-03 11:11:11.320000,60,4176.75,0.43,0.86,120,HISTORICAL_60
2026-07-06 04:42:18.139000,2026-07-06 04:42:30.330000,60,4174.04,0.63,,119,HISTORICAL_60
2026-07-06 07:03:50.628000,2026-07-06 07:04:02.948000,60,4156.23,0.45,,119,HISTORICAL_60
2026-07-06 15:59:01.225000,2026-07-06 15:59:13.300000,60,4139.71,0.46,,118,HISTORICAL_60
2026-07-06 20:37:03.538000,2026-07-06 20:37:15.773000,60,4166.49,0.41,,119,HISTORICAL_60
2026-07-07 03:00:17.144000,2026-07-07 03:00:42.764000,60,4144.09,0.37,0.74,120,HISTORICAL_60
2026-07-07 05:24:52.160000,2026-07-07 05:25:04.366000,60,4132.36,0.48,,118,HISTORICAL_60
2026-07-07 14:07:03.905000,2026-07-07 14:07:20.307000,60,4162.37,0.45,0.9,120,HISTORICAL_60
2026-07-07 15:36:21.347000,2026-07-07 15:36:33.732000,60,4175.84,0.51,,119,HISTORICAL_60
2026-07-07 15:57:03.385000,2026-07-07 15:57:23.740000,60,4162.02,0.55,1.1,120,HISTORICAL_60
2026-07-07 16:23:26.311000,2026-07-07 16:23:38.523000,60,4153.52,0.59,,119,HISTORICAL_60
2026-07-07 20:49:31.198000,2026-07-07 20:49:46.267000,60,4134.12,0.4,0.8,120,HISTORICAL_60
2026-07-07 21:01:15.323000,2026-07-07 21:01:30.270000,60,4119.63,0.42,0.84,120,HISTORICAL_60
2026-07-07 21:16:00.362000,2026-07-07 21:16:12.546000,60,4098.51,0.44,,118,HISTORICAL_60
2026-07-08 02:38:32.128000,2026-07-08 02:38:44.327000,60,4115.14,0.43,,119,HISTORICAL_60
2026-07-08 02:40:19.276000,2026-07-08 02:40:33.067000,60,4124.76,0.46,,119,HISTORICAL_60
2026-07-08 02:58:47.153000,2026-07-08 02:59:02.244000,60,4113.16,0.47,0.94,120,HISTORICAL_60
2026-07-08 03:33:34.203000,2026-07-08 03:33:46.275000,60,4100.08,0.5,,118,HISTORICAL_60
2026-07-08 03:58:21.195000,2026-07-08 03:58:33.331000,60,4111.13,0.52,,119,HISTORICAL_60
2026-07-08 05:01:21.113000,2026-07-08 05:01:33.274000,60,4122.96,0.54,,119,HISTORICAL_60
2026-07-08 05:09:36.161000,2026-07-08 05:09:48.334000,60,4128.84,0.56,,119,HISTORICAL_60
2026-07-08 07:22:13.592000,2026-07-08 07:22:49.123000,60,4123.86,0.45,0.9,120,HISTORICAL_60
2026-07-08 10:26:09.154000,2026-07-08 10:26:23.374000,60,4088.14,0.5,1.0,120,HISTORICAL_60
2026-07-08 10:35:23.204000,2026-07-08 10:35:36.041000,60,4078.42,0.51,,119,HISTORICAL_60
2026-07-08 10:39:41.440000,2026-07-08 10:39:53.709000,60,4068.81,0.53,,119,HISTORICAL_60
2026-07-08 10:54:51.308000,2026-07-08 10:55:06.452000,60,4062.42,0.57,,119,HISTORICAL_60
2026-07-08 11:30:57.306000,2026-07-08 11:31:09.726000,60,4053.98,0.57,,119,HISTORICAL_60
2026-07-08 13:38:34.578000,2026-07-08 13:39:01.207000,60,4042.94,0.63,1.26,120,HISTORICAL_60
2026-07-08 14:04:21.599000,2026-07-08 14:05:03.328000,60,4065.01,0.55,1.1,120,HISTORICAL_60
2026-07-08 14:43:14.285000,2026-07-08 14:43:26.467000,60,4077.01,0.55,,119,HISTORICAL_60
2026-07-08 16:37:29.127000,2026-07-08 16:37:41.739000,60,4045.93,0.63,,119,HISTORICAL_60
2026-07-08 17:14:31.298000,2026-07-08 17:14:44.085000,60,4034.9,0.63,1.26,120,HISTORICAL_60
2026-07-08 17:30:56.145000,2026-07-08 17:31:08.421000,60,4023.96,0.61,,119,HISTORICAL_60
2026-07-08 18:07:49.132000,2026-07-08 18:08:10.927000,60,4039.74,0.6,1.2,120,HISTORICAL_60
2026-07-08 18:44:07.172000,2026-07-08 18:44:42.947000,60,4054.0,0.59,1.18,120,HISTORICAL_60
2026-07-08 19:07:01.115000,2026-07-08 19:07:13.403000,60,4066.31,0.58,,119,HISTORICAL_60
2026-07-08 20:36:40.215000,2026-07-08 20:36:52.407000,60,4073.28,0.51,,119,HISTORICAL_60
2026-07-08 20:45:28.180000,2026-07-08 20:45:40.386000,60,4079.24,0.5,,119,HISTORICAL_60
2026-07-09 00:45:29.688000,2026-07-09 00:45:41.761000,60,4076.39,0.41,,118,HISTORICAL_60
2026-07-09 06:15:22.177000,2026-07-09 06:15:45.467000,60,4059.97,0.45,0.9,120,HISTORICAL_60
2026-07-09 07:01:42.779000,2026-07-09 07:01:56.716000,60,4069.89,0.43,0.86,120,HISTORICAL_60
2026-07-09 08:00:23.179000,2026-07-09 08:00:35.441000,60,4095.46,0.47,,119,HISTORICAL_60
2026-07-09 10:21:24.211000,2026-07-09 10:22:06.695000,60,4115.09,0.5,1.0,120,HISTORICAL_60
2026-07-09 12:52:48.137000,2026-07-09 12:53:12.298000,60,4095.83,0.39,0.78,120,HISTORICAL_60
2026-07-09 13:40:47.371000,2026-07-09 13:40:59.579000,60,4106.0,0.4,,119,HISTORICAL_60
2026-07-09 14:09:00.155000,2026-07-09 14:09:12.408000,60,4118.26,0.41,,119,HISTORICAL_60
2026-07-09 17:24:35.206000,2026-07-09 17:24:47.401000,60,4130.64,0.52,,119,HISTORICAL_60
2026-07-10 03:26:04.145000,2026-07-10 03:26:16.302000,60,4121.23,0.37,,119,HISTORICAL_60
2026-07-10 03:39:54.190000,2026-07-10 03:40:07.030000,60,4111.92,0.39,,119,HISTORICAL_60
2026-07-10 04:08:46.164000,2026-07-10 04:08:58.326000,60,4125.93,0.43,,119,HISTORICAL_60
2026-07-10 10:37:16.529000,2026-07-10 10:37:29.225000,60,4099.71,0.39,,119,HISTORICAL_60
2026-07-10 14:14:10.145000,2026-07-10 14:14:22.527000,60,4115.52,0.41,,119,HISTORICAL_60
2026-07-10 14:27:55.274000,2026-07-10 14:28:07.767000,60,4103.64,0.42,,119,HISTORICAL_60
2026-07-10 15:23:27.592000,2026-07-10 15:23:40.341000,60,4099.26,0.45,,119,HISTORICAL_60
2026-07-10 15:28:13.288000,2026-07-10 15:28:25.795000,60,4088.65,0.47,,119,HISTORICAL_60
2026-07-10 15:37:45.132000,2026-07-10 15:37:57.615000,60,4092.98,0.49,,119,HISTORICAL_60
2026-07-10 15:52:23.266000,2026-07-10 15:53:18.320000,60,4105.02,0.51,1.02,120,HISTORICAL_60
2026-07-10 16:33:04.253000,2026-07-10 16:33:16.835000,60,4084.51,0.57,,115,HISTORICAL_60
2026-07-10 17:11:31.216000,2026-07-10 17:11:43.637000,60,4098.33,0.61,,119,HISTORICAL_60
2026-07-10 18:16:00.163000,2026-07-10 18:16:12.401000,60,4112.18,0.57,,119,HISTORICAL_60
2026-07-13 11:02:45.175000,2026-07-13 11:02:51.692000,30,4075.43,0.68,1.36,60,AGGRESSIVE_30
2026-07-13 12:32:21.322000,2026-07-13 12:32:28.074000,30,4065.9,0.68,1.36,60,AGGRESSIVE_30
2026-07-13 13:27:03.676000,2026-07-13 13:27:10.217000,30,4062.23,1.35,2.7,60,LOW_RISK_30
2026-07-13 15:59:39.163000,2026-07-13 15:59:45.725000,30,4044.38,1.35,2.7,60,LATEST_30
2026-07-13 16:16:53.117000,2026-07-13 16:16:59.784000,30,4010.82,1.34,2.68,60,LATEST_30
2026-07-14 09:30:55.878000,2026-07-14 09:31:02.438000,30,4025.34,1.34,2.68,60,LATEST_30
2026-07-14 14:30:12.382000,2026-07-14 14:30:18.945000,30,4082.61,1.36,,59,LATEST_30
2026-07-14 14:33:22.122000,2026-07-14 14:33:28.809000,30,4098.86,1.37,2.74,60,LATEST_30
2026-07-14 14:48:01.212000,2026-07-14 14:48:10.218000,30,4083.28,1.36,2.72,60,LATEST_30
2026-07-14 16:15:49.121000,2026-07-14 16:15:55.666000,30,4075.85,1.36,2.72,60,LATEST_30
2026-07-14 17:04:29.165000,2026-07-14 17:04:35.827000,30,4087.99,1.36,2.72,60,LATEST_30
2026-07-14 18:23:25.169000,2026-07-14 18:23:31.690000,30,4059.02,1.35,2.7,60,LATEST_30
2026-07-15 03:40:33.280000,2026-07-15 03:40:39.792000,30,4041.06,1.35,2.7,60,LATEST_30
2026-07-15 05:18:45.339000,2026-07-15 05:18:51.944000,30,4032.9,1.34,2.68,60,LATEST_30
2026-07-15 09:26:55.191000,2026-07-15 09:27:01.840000,30,4022.96,1.34,2.68,60,LATEST_30
2026-07-15 14:04:10.168000,2026-07-15 14:04:16.718000,30,4041.64,1.35,2.7,60,LATEST_30
2026-07-15 14:39:54.189000,2026-07-15 14:40:00.771000,30,4064.29,1.35,2.7,60,LATEST_30
2026-07-15 17:09:44.561000,2026-07-15 17:09:51.178000,30,4055.6,1.35,2.7,60,LATEST_30
2026-07-15 17:14:55.278000,2026-07-15 17:15:01.894000,30,4043.63,1.35,2.7,60,LATEST_30
2026-07-15 21:41:26.111000,2026-07-15 21:41:33.985000,30,4050.98,1.35,2.7,60,LATEST_30
2026-07-16 04:41:54.141000,2026-07-16 04:42:00.710000,30,4025.15,1.34,2.68,60,LATEST_30
2026-07-16 08:02:34.346000,2026-07-16 08:02:40.879000,30,4032.23,1.34,2.68,60,LATEST_30
2026-07-16 14:37:44.148000,2026-07-16 14:37:50.777000,30,4016.83,1.34,2.68,60,LATEST_30
2026-07-16 14:45:27.178000,2026-07-16 14:45:33.834000,30,3999.94,1.33,2.66,60,LATEST_30
2026-07-16 15:02:50.125000,2026-07-16 15:02:56.815000,30,3979.63,1.33,2.66,60,LATEST_30
2026-07-16 15:24:38.419000,2026-07-16 15:24:45.063000,30,3998.81,1.33,2.66,60,LATEST_30
2026-07-17 02:40:12.184000,2026-07-17 02:40:18.689000,30,3982.3,1.33,2.66,60,LATEST_30
2026-07-17 05:20:17.190000,2026-07-17 05:20:23.712000,30,4005.46,1.34,2.68,60,LATEST_30
2026-07-17 06:25:39.165000,2026-07-17 06:25:45.778000,30,3986.09,1.33,2.66,60,LATEST_30
2026-07-17 15:07:03.184000,2026-07-17 15:07:09.797000,30,3970.95,1.32,2.64,60,LATEST_30
2026-07-17 15:39:22.206000,2026-07-17 15:39:28.812000,30,4000.89,1.33,2.66,60,LATEST_30
2026-07-17 15:44:40.361000,2026-07-17 15:44:47.090000,30,3983.86,1.33,2.66,60,LATEST_30
2026-07-17 16:13:27.275000,2026-07-17 16:13:33.920000,30,3998.07,1.33,2.66,60,LATEST_30
2026-07-17 17:04:40.208000,2026-07-17 17:04:46.830000,30,4013.17,1.34,2.68,60,LATEST_30
2026-07-17 17:07:30.233000,2026-07-17 17:07:36.813000,30,4003.85,1.33,2.66,60,LATEST_30
2026-07-17 17:29:35.253000,2026-07-17 17:29:41.875000,30,4012.95,1.34,2.68,60,LATEST_30
2026-07-20 01:00:30.297000,2026-07-20 01:00:36.250000,30,3993.4,1.33,2.66,60,LATEST_30
2026-07-20 03:10:41.933000,2026-07-20 03:10:47.904000,30,4017.33,1.34,2.68,60,LATEST_30
2026-07-20 03:43:14.153000,2026-07-20 03:43:20.107000,30,3998.53,1.33,2.66,60,LATEST_30
2026-07-20 04:46:41.379000,2026-07-20 04:46:47.336000,30,4018.18,1.34,2.68,60,LATEST_30
2026-07-20 05:42:47.375000,2026-07-20 05:42:53.328000,30,4026.51,1.34,2.68,60,LATEST_30
2026-07-20 07:35:23.214000,2026-07-20 07:35:29.188000,30,4008.51,1.34,2.68,60,LATEST_30
2026-07-20 10:25:02.252000,2026-07-20 10:25:08.205000,30,4029.38,1.34,2.68,60,LATEST_30
2026-07-20 10:31:00.310000,2026-07-20 10:31:06.271000,30,4019.91,1.34,2.68,60,LATEST_30
2026-07-20 13:34:30.169000,2026-07-20 13:34:36.164000,30,4039.2,1.35,2.7,60,LATEST_30
2026-07-20 14:00:35.122000,2026-07-20 14:00:41.081000,30,4021.19,1.34,2.68,60,LATEST_30
2026-07-20 14:24:56.201000,2026-07-20 14:25:02.193000,30,4008.16,1.34,2.68,60,LATEST_30
2026-07-21 02:20:17.253000,2026-07-21 02:20:23.291000,30,4016.02,1.34,2.68,60,LATEST_30
2026-07-21 03:20:23.287000,2026-07-21 03:20:29.284000,30,4033.09,1.34,2.68,60,LATEST_30
2026-07-21 07:25:37.145000,2026-07-21 07:25:43.202000,30,4054.94,1.35,2.7,60,LATEST_30
2026-07-21 08:13:37.255000,2026-07-21 08:13:43.260000,30,4072.48,1.36,2.72,60,LATEST_30
2026-07-21 15:38:01.197000,2026-07-21 15:38:08.362000,30,4051.99,1.35,2.7,60,LATEST_30
2026-07-21 16:30:55.147000,2026-07-21 16:31:02.340000,30,4073.63,1.36,2.72,60,LATEST_30
2026-07-22 02:12:20.171000,2026-07-22 02:12:26.093000,30,4091.95,1.36,2.72,60,LATEST_30
2026-07-22 03:00:14.156000,2026-07-22 03:00:20.067000,30,4104.88,1.37,2.74,60,LATEST_30
2026-07-22 03:42:30.227000,2026-07-22 03:42:36.117000,30,4121.91,1.37,2.74,60,LATEST_30
2026-07-22 05:08:41.357000,2026-07-22 05:08:47.259000,30,4138.6,1.38,2.76,60,LATEST_30
2026-07-22 08:26:04.214000,2026-07-22 08:26:10.117000,30,4121.23,1.37,2.74,60,LATEST_30
2026-07-22 09:43:21.158000,2026-07-22 09:43:27.072000,30,4111.53,1.37,2.74,60,LATEST_30
2026-07-22 13:49:54.390000,2026-07-22 13:50:00.335000,30,4120.33,1.37,2.74,60,LATEST_30
2026-07-22 15:47:05.218000,2026-07-22 15:47:11.166000,30,4145.72,1.38,2.76,60,LATEST_30
2026-07-22 16:01:48.142000,2026-07-22 16:01:54.075000,30,4160.27,1.39,2.78,60,LATEST_30
2026-07-22 19:36:46.424000,2026-07-22 19:36:52.330000,30,4142.43,1.38,2.76,60,LATEST_30
2026-07-23 00:01:07.159000,2026-07-23 00:01:13.116000,30,4120.67,1.37,2.74,60,LATEST_30
2026-07-23 03:00:15.159000,2026-07-23 03:00:21.116000,30,4136.91,1.38,2.76,60,LATEST_30
2026-07-23 03:56:26.120000,2026-07-23 03:56:32.048000,30,4115.74,1.37,2.74,60,LATEST_30
2026-07-23 13:24:10.310000,2026-07-23 13:24:16.245000,30,4081.98,1.36,2.72,60,LATEST_30
2026-07-23 14:54:31.414000,2026-07-23 14:54:37.335000,30,4063.04,1.35,2.7,60,LATEST_30
2026-07-23 15:08:54.215000,2026-07-23 15:09:00.220000,30,4045.03,1.35,2.7,60,LATEST_30
2026-07-23 15:33:02.163000,2026-07-23 15:33:08.101000,30,4065.01,1.36,2.72,60,LATEST_30
2026-07-23 15:57:50.265000,2026-07-23 15:57:56.188000,30,4049.51,1.35,2.7,60,LATEST_30
2026-07-24 07:18:50.916000,2026-07-24 07:18:56.847000,30,4022.6,1.34,2.68,60,LATEST_30
2026-07-24 08:13:26.289000,2026-07-24 08:13:32.323000,30,4030.75,1.34,2.68,60,LATEST_30
2026-07-24 09:10:20.241000,2026-07-24 09:10:26.179000,30,4047.24,1.35,2.7,60,LATEST_30
2026-07-24 15:52:26.215000,2026-07-24 15:52:32.778000,30,4056.27,1.35,2.7,60,LATEST_30
2026-07-24 16:03:52.284000,2026-07-24 16:03:58.870000,30,4065.31,1.36,2.72,60,LATEST_30
2026-07-27 01:24:23.713000,2026-07-27 01:24:29.669000,30,4085.19,1.36,2.72,60,LATEST_30
2026-07-27 02:05:46.201000,2026-07-27 02:05:52.175000,30,4102.31,1.37,2.74,60,LATEST_30
2026-07-27 15:22:49.154000,2026-07-27 15:22:55.721000,30,4084.06,1.36,2.72,60,LATEST_30
2026-07-28 02:10:08.202000,2026-07-28 02:10:14.983000,30,4066.71,1.36,2.72,60,LATEST_30
2026-07-28 03:03:09.187000,2026-07-28 03:03:35.744000,30,4057.0,1.35,2.7,60,LATEST_30
2026-07-28 07:34:50.159000,2026-07-28 07:34:56.618000,30,4038.58,1.35,2.7,60,LATEST_30
2026-07-28 18:10:36.237000,2026-07-28 18:10:42.689000,30,4042.61,1.35,2.7,60,LATEST_30
2026-07-28 20:34:12.155000,2026-07-28 20:34:18.497000,30,4024.77,1.34,2.68,60,LATEST_30
2026-07-29 19:45:49.168000,2026-07-29 19:45:55.101000,30,4046.94,1.35,2.7,60,LATEST_30
2026-07-29 20:19:57.175000,2026-07-29 20:20:03.107000,30,4071.55,1.36,2.72,60,LATEST_30
2026-07-29 20:40:04.136000,2026-07-29 20:40:49.411000,30,4072.15,1.36,2.72,55,LATEST_30
2026-07-29 20:52:01.143000,2026-07-29 20:52:46.945000,30,4099.65,1.37,2.74,60,LATEST_30
2026-07-29 21:07:20.515000,2026-07-29 21:07:25.740000,30,4102.46,1.37,,53,LATEST_30
2026-07-29 21:26:36.232000,2026-07-29 21:26:42.194000,30,4083.22,1.36,2.72,60,LATEST_30
2026-07-29 21:43:20.169000,2026-07-29 21:43:26.079000,30,4070.29,1.36,2.72,60,LATEST_30
2026-07-29 22:01:53.098000,2026-07-29 22:02:19.088000,30,4050.65,1.35,2.7,60,LATEST_30
2026-07-30 00:05:28.184000,2026-07-30 00:05:34.122000,30,4073.28,1.36,2.72,60,LATEST_30
2026-07-30 01:08:04.192000,2026-07-30 01:08:10.098000,30,4097.36,1.37,2.74,60,LATEST_30
2026-07-30 02:22:04.304000,2026-07-30 02:22:10.196000,30,4078.64,1.36,2.72,60,LATEST_30
2026-07-30 06:46:38.559000,2026-07-30 06:47:04.472000,30,4050.29,1.35,2.7,60,LATEST_30
2026-07-30 07:39:53.191000,2026-07-30 07:39:59.117000,30,4030.9,1.34,2.68,60,LATEST_30
2026-07-30 08:24:35.291000,2026-07-30 08:24:41.265000,30,4038.12,1.35,2.7,60,LATEST_30
2026-07-30 10:28:47.099000,2026-07-30 10:28:53.055000,30,4066.93,1.36,2.72,60,LATEST_30
2026-07-30 15:26:17.173000,2026-07-30 15:26:23.153000,30,4080.1,1.36,2.72,60,LATEST_30
2026-07-30 15:46:33.118000,2026-07-30 15:47:17.994000,30,4088.1,1.36,2.72,51,LATEST_30
2026-07-30 15:54:05.176000,2026-07-30 15:54:11.140000,30,4100.23,1.37,2.74,60,LATEST_30
2026-07-30 16:06:37.325000,2026-07-30 16:06:43.242000,30,4104.84,1.37,2.74,60,LATEST_30
2026-07-30 16:21:53.218000,2026-07-30 16:21:59.298000,30,4091.8,1.36,2.72,60,LATEST_30
2026-07-30 16:46:43.112000,2026-07-30 16:46:49.015000,30,4104.83,1.37,2.74,60,LATEST_30
2026-07-30 17:12:09.286000,2026-07-30 17:12:15.239000,30,4087.55,1.36,2.72,60,LATEST_30
